file_path,filename,emotion_id,emotion,emotion_idx,intensity,statement,repetition,actor,gender,spectrogram_path
data\raw\ravdess\Actor_01\03-01-01-01-01-01-01.wav,03-01-01-01-01-01-01.wav,1,neutral,0,1,1,1,1,male,data\processed\spectrograms\spec_03-01-01-01-01-01-01.pt
data\raw\ravdess\Actor_01\03-01-01-01-01-02-01.wav,03-01-01-01-01-02-01.wav,1,neutral,0,1,1,2,1,male,data\processed\spectrograms\spec_03-01-01-01-01-02-01.pt
data\raw\ravdess\Actor_01\03-01-01-01-02-01-01.wav,03-01-01-01-02-01-01.wav,1,neutral,0,1,2,1,1,male,data\processed\spectrograms\spec_03-01-01-01-02-01-01.pt
data\raw\ravdess\Actor_01\03-01-01-01-02-02-01.wav,03-01-01-01-02-02-01.wav,1,neutral,0,1,2,2,1,male,data\processed\spectrograms\spec_03-01-01-01-02-02-01.pt
data\raw\ravdess\Actor_01\03-01-03-01-01-01-01.wav,03-01-03-01-01-01-01.wav,3,happy,1,1,1,1,1,male,data\processed\spectrograms\spec_03-01-03-01-01-01-01.pt
data\raw\ravdess\Actor_01\03-01-03-01-01-02-01.wav,03-01-03-01-01-02-01.wav,3,happy,1,1,1,2,1,male,data\processed\spectrograms\spec_03-01-03-01-01-02-01.pt
data\raw\ravdess\Actor_01\03-01-03-01-02-01-01.wav,03-01-03-01-02-01-01.wav,3,happy,1,1,2,1,1,male,data\processed\spectrograms\spec_03-01-03-01-02-01-01.pt
data\raw\ravdess\Actor_01\03-01-03-01-02-02-01.wav,03-01-03-01-02-02-01.wav,3,happy,1,1,2,2,1,male,data\processed\spectrograms\spec_03-01-03-01-02-02-01.pt
data\raw\ravdess\Actor_01\03-01-03-02-01-01-01.wav,03-01-03-02-01-01-01.wav,3,happy,1,2,1,1,1,male,data\processed\spectrograms\spec_03-01-03-02-01-01-01.pt
data\raw\ravdess\Actor_01\03-01-03-02-01-02-01.wav,03-01-03-02-01-02-01.wav,3,happy,1,2,1,2,1,male,data\processed\spectrograms\spec_03-01-03-02-01-02-01.pt
data\raw\ravdess\Actor_01\03-01-03-02-02-01-01.wav,03-01-03-02-02-01-01.wav,3,happy,1,2,2,1,1,male,data\processed\spectrograms\spec_03-01-03-02-02-01-01.pt
data\raw\ravdess\Actor_01\03-01-03-02-02-02-01.wav,03-01-03-02-02-02-01.wav,3,happy,1,2,2,2,1,male,data\processed\spectrograms\spec_03-01-03-02-02-02-01.pt
data\raw\ravdess\Actor_01\03-01-04-01-01-01-01.wav,03-01-04-01-01-01-01.wav,4,sad,2,1,1,1,1,male,data\processed\spectrograms\spec_03-01-04-01-01-01-01.pt
data\raw\ravdess\Actor_01\03-01-04-01-01-02-01.wav,03-01-04-01-01-02-01.wav,4,sad,2,1,1,2,1,male,data\processed\spectrograms\spec_03-01-04-01-01-02-01.pt
data\raw\ravdess\Actor_01\03-01-04-01-02-01-01.wav,03-01-04-01-02-01-01.wav,4,sad,2,1,2,1,1,male,data\processed\spectrograms\spec_03-01-04-01-02-01-01.pt
data\raw\ravdess\Actor_01\03-01-04-01-02-02-01.wav,03-01-04-01-02-02-01.wav,4,sad,2,1,2,2,1,male,data\processed\spectrograms\spec_03-01-04-01-02-02-01.pt
data\raw\ravdess\Actor_01\03-01-04-02-01-01-01.wav,03-01-04-02-01-01-01.wav,4,sad,2,2,1,1,1,male,data\processed\spectrograms\spec_03-01-04-02-01-01-01.pt
data\raw\ravdess\Actor_01\03-01-04-02-01-02-01.wav,03-01-04-02-01-02-01.wav,4,sad,2,2,1,2,1,male,data\processed\spectrograms\spec_03-01-04-02-01-02-01.pt
data\raw\ravdess\Actor_01\03-01-04-02-02-01-01.wav,03-01-04-02-02-01-01.wav,4,sad,2,2,2,1,1,male,data\processed\spectrograms\spec_03-01-04-02-02-01-01.pt
data\raw\ravdess\Actor_01\03-01-04-02-02-02-01.wav,03-01-04-02-02-02-01.wav,4,sad,2,2,2,2,1,male,data\processed\spectrograms\spec_03-01-04-02-02-02-01.pt
data\raw\ravdess\Actor_01\03-01-05-01-01-01-01.wav,03-01-05-01-01-01-01.wav,5,angry,3,1,1,1,1,male,data\processed\spectrograms\spec_03-01-05-01-01-01-01.pt
data\raw\ravdess\Actor_01\03-01-05-01-01-02-01.wav,03-01-05-01-01-02-01.wav,5,angry,3,1,1,2,1,male,data\processed\spectrograms\spec_03-01-05-01-01-02-01.pt
data\raw\ravdess\Actor_01\03-01-05-01-02-01-01.wav,03-01-05-01-02-01-01.wav,5,angry,3,1,2,1,1,male,data\processed\spectrograms\spec_03-01-05-01-02-01-01.pt
data\raw\ravdess\Actor_01\03-01-05-01-02-02-01.wav,03-01-05-01-02-02-01.wav,5,angry,3,1,2,2,1,male,data\processed\spectrograms\spec_03-01-05-01-02-02-01.pt
data\raw\ravdess\Actor_01\03-01-05-02-01-01-01.wav,03-01-05-02-01-01-01.wav,5,angry,3,2,1,1,1,male,data\processed\spectrograms\spec_03-01-05-02-01-01-01.pt
data\raw\ravdess\Actor_01\03-01-05-02-01-02-01.wav,03-01-05-02-01-02-01.wav,5,angry,3,2,1,2,1,male,data\processed\spectrograms\spec_03-01-05-02-01-02-01.pt
data\raw\ravdess\Actor_01\03-01-05-02-02-01-01.wav,03-01-05-02-02-01-01.wav,5,angry,3,2,2,1,1,male,data\processed\spectrograms\spec_03-01-05-02-02-01-01.pt
data\raw\ravdess\Actor_01\03-01-05-02-02-02-01.wav,03-01-05-02-02-02-01.wav,5,angry,3,2,2,2,1,male,data\processed\spectrograms\spec_03-01-05-02-02-02-01.pt
data\raw\ravdess\Actor_03\03-01-01-01-01-01-03.wav,03-01-01-01-01-01-03.wav,1,neutral,0,1,1,1,3,male,data\processed\spectrograms\spec_03-01-01-01-01-01-03.pt
data\raw\ravdess\Actor_03\03-01-01-01-01-02-03.wav,03-01-01-01-01-02-03.wav,1,neutral,0,1,1,2,3,male,data\processed\spectrograms\spec_03-01-01-01-01-02-03.pt
data\raw\ravdess\Actor_03\03-01-01-01-02-01-03.wav,03-01-01-01-02-01-03.wav,1,neutral,0,1,2,1,3,male,data\processed\spectrograms\spec_03-01-01-01-02-01-03.pt
data\raw\ravdess\Actor_03\03-01-01-01-02-02-03.wav,03-01-01-01-02-02-03.wav,1,neutral,0,1,2,2,3,male,data\processed\spectrograms\spec_03-01-01-01-02-02-03.pt
data\raw\ravdess\Actor_03\03-01-03-01-01-01-03.wav,03-01-03-01-01-01-03.wav,3,happy,1,1,1,1,3,male,data\processed\spectrograms\spec_03-01-03-01-01-01-03.pt
data\raw\ravdess\Actor_03\03-01-03-01-01-02-03.wav,03-01-03-01-01-02-03.wav,3,happy,1,1,1,2,3,male,data\processed\spectrograms\spec_03-01-03-01-01-02-03.pt
data\raw\ravdess\Actor_03\03-01-03-01-02-01-03.wav,03-01-03-01-02-01-03.wav,3,happy,1,1,2,1,3,male,data\processed\spectrograms\spec_03-01-03-01-02-01-03.pt
data\raw\ravdess\Actor_03\03-01-03-01-02-02-03.wav,03-01-03-01-02-02-03.wav,3,happy,1,1,2,2,3,male,data\processed\spectrograms\spec_03-01-03-01-02-02-03.pt
data\raw\ravdess\Actor_03\03-01-03-02-01-01-03.wav,03-01-03-02-01-01-03.wav,3,happy,1,2,1,1,3,male,data\processed\spectrograms\spec_03-01-03-02-01-01-03.pt
data\raw\ravdess\Actor_03\03-01-03-02-01-02-03.wav,03-01-03-02-01-02-03.wav,3,happy,1,2,1,2,3,male,data\processed\spectrograms\spec_03-01-03-02-01-02-03.pt
data\raw\ravdess\Actor_03\03-01-03-02-02-01-03.wav,03-01-03-02-02-01-03.wav,3,happy,1,2,2,1,3,male,data\processed\spectrograms\spec_03-01-03-02-02-01-03.pt
data\raw\ravdess\Actor_03\03-01-03-02-02-02-03.wav,03-01-03-02-02-02-03.wav,3,happy,1,2,2,2,3,male,data\processed\spectrograms\spec_03-01-03-02-02-02-03.pt
data\raw\ravdess\Actor_03\03-01-04-01-01-01-03.wav,03-01-04-01-01-01-03.wav,4,sad,2,1,1,1,3,male,data\processed\spectrograms\spec_03-01-04-01-01-01-03.pt
data\raw\ravdess\Actor_03\03-01-04-01-01-02-03.wav,03-01-04-01-01-02-03.wav,4,sad,2,1,1,2,3,male,data\processed\spectrograms\spec_03-01-04-01-01-02-03.pt
data\raw\ravdess\Actor_03\03-01-04-01-02-01-03.wav,03-01-04-01-02-01-03.wav,4,sad,2,1,2,1,3,male,data\processed\spectrograms\spec_03-01-04-01-02-01-03.pt
data\raw\ravdess\Actor_03\03-01-04-01-02-02-03.wav,03-01-04-01-02-02-03.wav,4,sad,2,1,2,2,3,male,data\processed\spectrograms\spec_03-01-04-01-02-02-03.pt
data\raw\ravdess\Actor_03\03-01-04-02-01-01-03.wav,03-01-04-02-01-01-03.wav,4,sad,2,2,1,1,3,male,data\processed\spectrograms\spec_03-01-04-02-01-01-03.pt
data\raw\ravdess\Actor_03\03-01-04-02-01-02-03.wav,03-01-04-02-01-02-03.wav,4,sad,2,2,1,2,3,male,data\processed\spectrograms\spec_03-01-04-02-01-02-03.pt
data\raw\ravdess\Actor_03\03-01-04-02-02-01-03.wav,03-01-04-02-02-01-03.wav,4,sad,2,2,2,1,3,male,data\processed\spectrograms\spec_03-01-04-02-02-01-03.pt
data\raw\ravdess\Actor_03\03-01-04-02-02-02-03.wav,03-01-04-02-02-02-03.wav,4,sad,2,2,2,2,3,male,data\processed\spectrograms\spec_03-01-04-02-02-02-03.pt
data\raw\ravdess\Actor_03\03-01-05-01-01-01-03.wav,03-01-05-01-01-01-03.wav,5,angry,3,1,1,1,3,male,data\processed\spectrograms\spec_03-01-05-01-01-01-03.pt
data\raw\ravdess\Actor_03\03-01-05-01-01-02-03.wav,03-01-05-01-01-02-03.wav,5,angry,3,1,1,2,3,male,data\processed\spectrograms\spec_03-01-05-01-01-02-03.pt
data\raw\ravdess\Actor_03\03-01-05-01-02-01-03.wav,03-01-05-01-02-01-03.wav,5,angry,3,1,2,1,3,male,data\processed\spectrograms\spec_03-01-05-01-02-01-03.pt
data\raw\ravdess\Actor_03\03-01-05-01-02-02-03.wav,03-01-05-01-02-02-03.wav,5,angry,3,1,2,2,3,male,data\processed\spectrograms\spec_03-01-05-01-02-02-03.pt
data\raw\ravdess\Actor_03\03-01-05-02-01-01-03.wav,03-01-05-02-01-01-03.wav,5,angry,3,2,1,1,3,male,data\processed\spectrograms\spec_03-01-05-02-01-01-03.pt
data\raw\ravdess\Actor_03\03-01-05-02-01-02-03.wav,03-01-05-02-01-02-03.wav,5,angry,3,2,1,2,3,male,data\processed\spectrograms\spec_03-01-05-02-01-02-03.pt
data\raw\ravdess\Actor_03\03-01-05-02-02-01-03.wav,03-01-05-02-02-01-03.wav,5,angry,3,2,2,1,3,male,data\processed\spectrograms\spec_03-01-05-02-02-01-03.pt
data\raw\ravdess\Actor_03\03-01-05-02-02-02-03.wav,03-01-05-02-02-02-03.wav,5,angry,3,2,2,2,3,male,data\processed\spectrograms\spec_03-01-05-02-02-02-03.pt
data\raw\ravdess\Actor_04\03-01-01-01-01-01-04.wav,03-01-01-01-01-01-04.wav,1,neutral,0,1,1,1,4,female,data\processed\spectrograms\spec_03-01-01-01-01-01-04.pt
data\raw\ravdess\Actor_04\03-01-01-01-01-02-04.wav,03-01-01-01-01-02-04.wav,1,neutral,0,1,1,2,4,female,data\processed\spectrograms\spec_03-01-01-01-01-02-04.pt
data\raw\ravdess\Actor_04\03-01-01-01-02-01-04.wav,03-01-01-01-02-01-04.wav,1,neutral,0,1,2,1,4,female,data\processed\spectrograms\spec_03-01-01-01-02-01-04.pt
data\raw\ravdess\Actor_04\03-01-01-01-02-02-04.wav,03-01-01-01-02-02-04.wav,1,neutral,0,1,2,2,4,female,data\processed\spectrograms\spec_03-01-01-01-02-02-04.pt
data\raw\ravdess\Actor_04\03-01-03-01-01-01-04.wav,03-01-03-01-01-01-04.wav,3,happy,1,1,1,1,4,female,data\processed\spectrograms\spec_03-01-03-01-01-01-04.pt
data\raw\ravdess\Actor_04\03-01-03-01-01-02-04.wav,03-01-03-01-01-02-04.wav,3,happy,1,1,1,2,4,female,data\processed\spectrograms\spec_03-01-03-01-01-02-04.pt
data\raw\ravdess\Actor_04\03-01-03-01-02-01-04.wav,03-01-03-01-02-01-04.wav,3,happy,1,1,2,1,4,female,data\processed\spectrograms\spec_03-01-03-01-02-01-04.pt
data\raw\ravdess\Actor_04\03-01-03-01-02-02-04.wav,03-01-03-01-02-02-04.wav,3,happy,1,1,2,2,4,female,data\processed\spectrograms\spec_03-01-03-01-02-02-04.pt
data\raw\ravdess\Actor_04\03-01-03-02-01-01-04.wav,03-01-03-02-01-01-04.wav,3,happy,1,2,1,1,4,female,data\processed\spectrograms\spec_03-01-03-02-01-01-04.pt
data\raw\ravdess\Actor_04\03-01-03-02-01-02-04.wav,03-01-03-02-01-02-04.wav,3,happy,1,2,1,2,4,female,data\processed\spectrograms\spec_03-01-03-02-01-02-04.pt
data\raw\ravdess\Actor_04\03-01-03-02-02-01-04.wav,03-01-03-02-02-01-04.wav,3,happy,1,2,2,1,4,female,data\processed\spectrograms\spec_03-01-03-02-02-01-04.pt
data\raw\ravdess\Actor_04\03-01-03-02-02-02-04.wav,03-01-03-02-02-02-04.wav,3,happy,1,2,2,2,4,female,data\processed\spectrograms\spec_03-01-03-02-02-02-04.pt
data\raw\ravdess\Actor_04\03-01-04-01-01-01-04.wav,03-01-04-01-01-01-04.wav,4,sad,2,1,1,1,4,female,data\processed\spectrograms\spec_03-01-04-01-01-01-04.pt
data\raw\ravdess\Actor_04\03-01-04-01-01-02-04.wav,03-01-04-01-01-02-04.wav,4,sad,2,1,1,2,4,female,data\processed\spectrograms\spec_03-01-04-01-01-02-04.pt
data\raw\ravdess\Actor_04\03-01-04-01-02-01-04.wav,03-01-04-01-02-01-04.wav,4,sad,2,1,2,1,4,female,data\processed\spectrograms\spec_03-01-04-01-02-01-04.pt
data\raw\ravdess\Actor_04\03-01-04-01-02-02-04.wav,03-01-04-01-02-02-04.wav,4,sad,2,1,2,2,4,female,data\processed\spectrograms\spec_03-01-04-01-02-02-04.pt
data\raw\ravdess\Actor_04\03-01-04-02-01-01-04.wav,03-01-04-02-01-01-04.wav,4,sad,2,2,1,1,4,female,data\processed\spectrograms\spec_03-01-04-02-01-01-04.pt
data\raw\ravdess\Actor_04\03-01-04-02-01-02-04.wav,03-01-04-02-01-02-04.wav,4,sad,2,2,1,2,4,female,data\processed\spectrograms\spec_03-01-04-02-01-02-04.pt
data\raw\ravdess\Actor_04\03-01-04-02-02-01-04.wav,03-01-04-02-02-01-04.wav,4,sad,2,2,2,1,4,female,data\processed\spectrograms\spec_03-01-04-02-02-01-04.pt
data\raw\ravdess\Actor_04\03-01-04-02-02-02-04.wav,03-01-04-02-02-02-04.wav,4,sad,2,2,2,2,4,female,data\processed\spectrograms\spec_03-01-04-02-02-02-04.pt
data\raw\ravdess\Actor_04\03-01-05-01-01-01-04.wav,03-01-05-01-01-01-04.wav,5,angry,3,1,1,1,4,female,data\processed\spectrograms\spec_03-01-05-01-01-01-04.pt
data\raw\ravdess\Actor_04\03-01-05-01-01-02-04.wav,03-01-05-01-01-02-04.wav,5,angry,3,1,1,2,4,female,data\processed\spectrograms\spec_03-01-05-01-01-02-04.pt
data\raw\ravdess\Actor_04\03-01-05-01-02-01-04.wav,03-01-05-01-02-01-04.wav,5,angry,3,1,2,1,4,female,data\processed\spectrograms\spec_03-01-05-01-02-01-04.pt
data\raw\ravdess\Actor_04\03-01-05-01-02-02-04.wav,03-01-05-01-02-02-04.wav,5,angry,3,1,2,2,4,female,data\processed\spectrograms\spec_03-01-05-01-02-02-04.pt
data\raw\ravdess\Actor_04\03-01-05-02-01-01-04.wav,03-01-05-02-01-01-04.wav,5,angry,3,2,1,1,4,female,data\processed\spectrograms\spec_03-01-05-02-01-01-04.pt
data\raw\ravdess\Actor_04\03-01-05-02-01-02-04.wav,03-01-05-02-01-02-04.wav,5,angry,3,2,1,2,4,female,data\processed\spectrograms\spec_03-01-05-02-01-02-04.pt
data\raw\ravdess\Actor_04\03-01-05-02-02-01-04.wav,03-01-05-02-02-01-04.wav,5,angry,3,2,2,1,4,female,data\processed\spectrograms\spec_03-01-05-02-02-01-04.pt
data\raw\ravdess\Actor_04\03-01-05-02-02-02-04.wav,03-01-05-02-02-02-04.wav,5,angry,3,2,2,2,4,female,data\processed\spectrograms\spec_03-01-05-02-02-02-04.pt
data\raw\ravdess\Actor_05\03-01-01-01-01-01-05.wav,03-01-01-01-01-01-05.wav,1,neutral,0,1,1,1,5,male,data\processed\spectrograms\spec_03-01-01-01-01-01-05.pt
data\raw\ravdess\Actor_05\03-01-01-01-01-02-05.wav,03-01-01-01-01-02-05.wav,1,neutral,0,1,1,2,5,male,data\processed\spectrograms\spec_03-01-01-01-01-02-05.pt
data\raw\ravdess\Actor_05\03-01-01-01-02-01-05.wav,03-01-01-01-02-01-05.wav,1,neutral,0,1,2,1,5,male,data\processed\spectrograms\spec_03-01-01-01-02-01-05.pt
data\raw\ravdess\Actor_05\03-01-01-01-02-02-05.wav,03-01-01-01-02-02-05.wav,1,neutral,0,1,2,2,5,male,data\processed\spectrograms\spec_03-01-01-01-02-02-05.pt
data\raw\ravdess\Actor_05\03-01-03-01-01-01-05.wav,03-01-03-01-01-01-05.wav,3,happy,1,1,1,1,5,male,data\processed\spectrograms\spec_03-01-03-01-01-01-05.pt
data\raw\ravdess\Actor_05\03-01-03-01-01-02-05.wav,03-01-03-01-01-02-05.wav,3,happy,1,1,1,2,5,male,data\processed\spectrograms\spec_03-01-03-01-01-02-05.pt
data\raw\ravdess\Actor_05\03-01-03-01-02-01-05.wav,03-01-03-01-02-01-05.wav,3,happy,1,1,2,1,5,male,data\processed\spectrograms\spec_03-01-03-01-02-01-05.pt
data\raw\ravdess\Actor_05\03-01-03-01-02-02-05.wav,03-01-03-01-02-02-05.wav,3,happy,1,1,2,2,5,male,data\processed\spectrograms\spec_03-01-03-01-02-02-05.pt
data\raw\ravdess\Actor_05\03-01-03-02-01-01-05.wav,03-01-03-02-01-01-05.wav,3,happy,1,2,1,1,5,male,data\processed\spectrograms\spec_03-01-03-02-01-01-05.pt
data\raw\ravdess\Actor_05\03-01-03-02-01-02-05.wav,03-01-03-02-01-02-05.wav,3,happy,1,2,1,2,5,male,data\processed\spectrograms\spec_03-01-03-02-01-02-05.pt
data\raw\ravdess\Actor_05\03-01-03-02-02-01-05.wav,03-01-03-02-02-01-05.wav,3,happy,1,2,2,1,5,male,data\processed\spectrograms\spec_03-01-03-02-02-01-05.pt
data\raw\ravdess\Actor_05\03-01-03-02-02-02-05.wav,03-01-03-02-02-02-05.wav,3,happy,1,2,2,2,5,male,data\processed\spectrograms\spec_03-01-03-02-02-02-05.pt
data\raw\ravdess\Actor_05\03-01-04-01-01-01-05.wav,03-01-04-01-01-01-05.wav,4,sad,2,1,1,1,5,male,data\processed\spectrograms\spec_03-01-04-01-01-01-05.pt
data\raw\ravdess\Actor_05\03-01-04-01-01-02-05.wav,03-01-04-01-01-02-05.wav,4,sad,2,1,1,2,5,male,data\processed\spectrograms\spec_03-01-04-01-01-02-05.pt
data\raw\ravdess\Actor_05\03-01-04-01-02-01-05.wav,03-01-04-01-02-01-05.wav,4,sad,2,1,2,1,5,male,data\processed\spectrograms\spec_03-01-04-01-02-01-05.pt
data\raw\ravdess\Actor_05\03-01-04-01-02-02-05.wav,03-01-04-01-02-02-05.wav,4,sad,2,1,2,2,5,male,data\processed\spectrograms\spec_03-01-04-01-02-02-05.pt
data\raw\ravdess\Actor_05\03-01-04-02-01-01-05.wav,03-01-04-02-01-01-05.wav,4,sad,2,2,1,1,5,male,data\processed\spectrograms\spec_03-01-04-02-01-01-05.pt
data\raw\ravdess\Actor_05\03-01-04-02-01-02-05.wav,03-01-04-02-01-02-05.wav,4,sad,2,2,1,2,5,male,data\processed\spectrograms\spec_03-01-04-02-01-02-05.pt
data\raw\ravdess\Actor_05\03-01-04-02-02-01-05.wav,03-01-04-02-02-01-05.wav,4,sad,2,2,2,1,5,male,data\processed\spectrograms\spec_03-01-04-02-02-01-05.pt
data\raw\ravdess\Actor_05\03-01-04-02-02-02-05.wav,03-01-04-02-02-02-05.wav,4,sad,2,2,2,2,5,male,data\processed\spectrograms\spec_03-01-04-02-02-02-05.pt
data\raw\ravdess\Actor_05\03-01-05-01-01-01-05.wav,03-01-05-01-01-01-05.wav,5,angry,3,1,1,1,5,male,data\processed\spectrograms\spec_03-01-05-01-01-01-05.pt
data\raw\ravdess\Actor_05\03-01-05-01-01-02-05.wav,03-01-05-01-01-02-05.wav,5,angry,3,1,1,2,5,male,data\processed\spectrograms\spec_03-01-05-01-01-02-05.pt
data\raw\ravdess\Actor_05\03-01-05-01-02-01-05.wav,03-01-05-01-02-01-05.wav,5,angry,3,1,2,1,5,male,data\processed\spectrograms\spec_03-01-05-01-02-01-05.pt
data\raw\ravdess\Actor_05\03-01-05-01-02-02-05.wav,03-01-05-01-02-02-05.wav,5,angry,3,1,2,2,5,male,data\processed\spectrograms\spec_03-01-05-01-02-02-05.pt
data\raw\ravdess\Actor_05\03-01-05-02-01-01-05.wav,03-01-05-02-01-01-05.wav,5,angry,3,2,1,1,5,male,data\processed\spectrograms\spec_03-01-05-02-01-01-05.pt
data\raw\ravdess\Actor_05\03-01-05-02-01-02-05.wav,03-01-05-02-01-02-05.wav,5,angry,3,2,1,2,5,male,data\processed\spectrograms\spec_03-01-05-02-01-02-05.pt
data\raw\ravdess\Actor_05\03-01-05-02-02-01-05.wav,03-01-05-02-02-01-05.wav,5,angry,3,2,2,1,5,male,data\processed\spectrograms\spec_03-01-05-02-02-01-05.pt
data\raw\ravdess\Actor_05\03-01-05-02-02-02-05.wav,03-01-05-02-02-02-05.wav,5,angry,3,2,2,2,5,male,data\processed\spectrograms\spec_03-01-05-02-02-02-05.pt
data\raw\ravdess\Actor_06\03-01-01-01-01-01-06.wav,03-01-01-01-01-01-06.wav,1,neutral,0,1,1,1,6,female,data\processed\spectrograms\spec_03-01-01-01-01-01-06.pt
data\raw\ravdess\Actor_06\03-01-01-01-01-02-06.wav,03-01-01-01-01-02-06.wav,1,neutral,0,1,1,2,6,female,data\processed\spectrograms\spec_03-01-01-01-01-02-06.pt
data\raw\ravdess\Actor_06\03-01-01-01-02-01-06.wav,03-01-01-01-02-01-06.wav,1,neutral,0,1,2,1,6,female,data\processed\spectrograms\spec_03-01-01-01-02-01-06.pt
data\raw\ravdess\Actor_06\03-01-01-01-02-02-06.wav,03-01-01-01-02-02-06.wav,1,neutral,0,1,2,2,6,female,data\processed\spectrograms\spec_03-01-01-01-02-02-06.pt
data\raw\ravdess\Actor_06\03-01-03-01-01-01-06.wav,03-01-03-01-01-01-06.wav,3,happy,1,1,1,1,6,female,data\processed\spectrograms\spec_03-01-03-01-01-01-06.pt
data\raw\ravdess\Actor_06\03-01-03-01-01-02-06.wav,03-01-03-01-01-02-06.wav,3,happy,1,1,1,2,6,female,data\processed\spectrograms\spec_03-01-03-01-01-02-06.pt
data\raw\ravdess\Actor_06\03-01-03-01-02-01-06.wav,03-01-03-01-02-01-06.wav,3,happy,1,1,2,1,6,female,data\processed\spectrograms\spec_03-01-03-01-02-01-06.pt
data\raw\ravdess\Actor_06\03-01-03-01-02-02-06.wav,03-01-03-01-02-02-06.wav,3,happy,1,1,2,2,6,female,data\processed\spectrograms\spec_03-01-03-01-02-02-06.pt
data\raw\ravdess\Actor_06\03-01-03-02-01-01-06.wav,03-01-03-02-01-01-06.wav,3,happy,1,2,1,1,6,female,data\processed\spectrograms\spec_03-01-03-02-01-01-06.pt
data\raw\ravdess\Actor_06\03-01-03-02-01-02-06.wav,03-01-03-02-01-02-06.wav,3,happy,1,2,1,2,6,female,data\processed\spectrograms\spec_03-01-03-02-01-02-06.pt
data\raw\ravdess\Actor_06\03-01-03-02-02-01-06.wav,03-01-03-02-02-01-06.wav,3,happy,1,2,2,1,6,female,data\processed\spectrograms\spec_03-01-03-02-02-01-06.pt
data\raw\ravdess\Actor_06\03-01-03-02-02-02-06.wav,03-01-03-02-02-02-06.wav,3,happy,1,2,2,2,6,female,data\processed\spectrograms\spec_03-01-03-02-02-02-06.pt
data\raw\ravdess\Actor_06\03-01-04-01-01-01-06.wav,03-01-04-01-01-01-06.wav,4,sad,2,1,1,1,6,female,data\processed\spectrograms\spec_03-01-04-01-01-01-06.pt
data\raw\ravdess\Actor_06\03-01-04-01-01-02-06.wav,03-01-04-01-01-02-06.wav,4,sad,2,1,1,2,6,female,data\processed\spectrograms\spec_03-01-04-01-01-02-06.pt
data\raw\ravdess\Actor_06\03-01-04-01-02-01-06.wav,03-01-04-01-02-01-06.wav,4,sad,2,1,2,1,6,female,data\processed\spectrograms\spec_03-01-04-01-02-01-06.pt
data\raw\ravdess\Actor_06\03-01-04-01-02-02-06.wav,03-01-04-01-02-02-06.wav,4,sad,2,1,2,2,6,female,data\processed\spectrograms\spec_03-01-04-01-02-02-06.pt
data\raw\ravdess\Actor_06\03-01-04-02-01-01-06.wav,03-01-04-02-01-01-06.wav,4,sad,2,2,1,1,6,female,data\processed\spectrograms\spec_03-01-04-02-01-01-06.pt
data\raw\ravdess\Actor_06\03-01-04-02-01-02-06.wav,03-01-04-02-01-02-06.wav,4,sad,2,2,1,2,6,female,data\processed\spectrograms\spec_03-01-04-02-01-02-06.pt
data\raw\ravdess\Actor_06\03-01-04-02-02-01-06.wav,03-01-04-02-02-01-06.wav,4,sad,2,2,2,1,6,female,data\processed\spectrograms\spec_03-01-04-02-02-01-06.pt
data\raw\ravdess\Actor_06\03-01-04-02-02-02-06.wav,03-01-04-02-02-02-06.wav,4,sad,2,2,2,2,6,female,data\processed\spectrograms\spec_03-01-04-02-02-02-06.pt
data\raw\ravdess\Actor_06\03-01-05-01-01-01-06.wav,03-01-05-01-01-01-06.wav,5,angry,3,1,1,1,6,female,data\processed\spectrograms\spec_03-01-05-01-01-01-06.pt
data\raw\ravdess\Actor_06\03-01-05-01-01-02-06.wav,03-01-05-01-01-02-06.wav,5,angry,3,1,1,2,6,female,data\processed\spectrograms\spec_03-01-05-01-01-02-06.pt
data\raw\ravdess\Actor_06\03-01-05-01-02-01-06.wav,03-01-05-01-02-01-06.wav,5,angry,3,1,2,1,6,female,data\processed\spectrograms\spec_03-01-05-01-02-01-06.pt
data\raw\ravdess\Actor_06\03-01-05-01-02-02-06.wav,03-01-05-01-02-02-06.wav,5,angry,3,1,2,2,6,female,data\processed\spectrograms\spec_03-01-05-01-02-02-06.pt
data\raw\ravdess\Actor_06\03-01-05-02-01-01-06.wav,03-01-05-02-01-01-06.wav,5,angry,3,2,1,1,6,female,data\processed\spectrograms\spec_03-01-05-02-01-01-06.pt
data\raw\ravdess\Actor_06\03-01-05-02-01-02-06.wav,03-01-05-02-01-02-06.wav,5,angry,3,2,1,2,6,female,data\processed\spectrograms\spec_03-01-05-02-01-02-06.pt
data\raw\ravdess\Actor_06\03-01-05-02-02-01-06.wav,03-01-05-02-02-01-06.wav,5,angry,3,2,2,1,6,female,data\processed\spectrograms\spec_03-01-05-02-02-01-06.pt
data\raw\ravdess\Actor_06\03-01-05-02-02-02-06.wav,03-01-05-02-02-02-06.wav,5,angry,3,2,2,2,6,female,data\processed\spectrograms\spec_03-01-05-02-02-02-06.pt
data\raw\ravdess\Actor_07\03-01-01-01-01-01-07.wav,03-01-01-01-01-01-07.wav,1,neutral,0,1,1,1,7,male,data\processed\spectrograms\spec_03-01-01-01-01-01-07.pt
data\raw\ravdess\Actor_07\03-01-01-01-01-02-07.wav,03-01-01-01-01-02-07.wav,1,neutral,0,1,1,2,7,male,data\processed\spectrograms\spec_03-01-01-01-01-02-07.pt
data\raw\ravdess\Actor_07\03-01-01-01-02-01-07.wav,03-01-01-01-02-01-07.wav,1,neutral,0,1,2,1,7,male,data\processed\spectrograms\spec_03-01-01-01-02-01-07.pt
data\raw\ravdess\Actor_07\03-01-01-01-02-02-07.wav,03-01-01-01-02-02-07.wav,1,neutral,0,1,2,2,7,male,data\processed\spectrograms\spec_03-01-01-01-02-02-07.pt
data\raw\ravdess\Actor_07\03-01-03-01-01-01-07.wav,03-01-03-01-01-01-07.wav,3,happy,1,1,1,1,7,male,data\processed\spectrograms\spec_03-01-03-01-01-01-07.pt
data\raw\ravdess\Actor_07\03-01-03-01-01-02-07.wav,03-01-03-01-01-02-07.wav,3,happy,1,1,1,2,7,male,data\processed\spectrograms\spec_03-01-03-01-01-02-07.pt
data\raw\ravdess\Actor_07\03-01-03-01-02-01-07.wav,03-01-03-01-02-01-07.wav,3,happy,1,1,2,1,7,male,data\processed\spectrograms\spec_03-01-03-01-02-01-07.pt
data\raw\ravdess\Actor_07\03-01-03-01-02-02-07.wav,03-01-03-01-02-02-07.wav,3,happy,1,1,2,2,7,male,data\processed\spectrograms\spec_03-01-03-01-02-02-07.pt
data\raw\ravdess\Actor_07\03-01-03-02-01-01-07.wav,03-01-03-02-01-01-07.wav,3,happy,1,2,1,1,7,male,data\processed\spectrograms\spec_03-01-03-02-01-01-07.pt
data\raw\ravdess\Actor_07\03-01-03-02-01-02-07.wav,03-01-03-02-01-02-07.wav,3,happy,1,2,1,2,7,male,data\processed\spectrograms\spec_03-01-03-02-01-02-07.pt
data\raw\ravdess\Actor_07\03-01-03-02-02-01-07.wav,03-01-03-02-02-01-07.wav,3,happy,1,2,2,1,7,male,data\processed\spectrograms\spec_03-01-03-02-02-01-07.pt
data\raw\ravdess\Actor_07\03-01-03-02-02-02-07.wav,03-01-03-02-02-02-07.wav,3,happy,1,2,2,2,7,male,data\processed\spectrograms\spec_03-01-03-02-02-02-07.pt
data\raw\ravdess\Actor_07\03-01-04-01-01-01-07.wav,03-01-04-01-01-01-07.wav,4,sad,2,1,1,1,7,male,data\processed\spectrograms\spec_03-01-04-01-01-01-07.pt
data\raw\ravdess\Actor_07\03-01-04-01-01-02-07.wav,03-01-04-01-01-02-07.wav,4,sad,2,1,1,2,7,male,data\processed\spectrograms\spec_03-01-04-01-01-02-07.pt
data\raw\ravdess\Actor_07\03-01-04-01-02-01-07.wav,03-01-04-01-02-01-07.wav,4,sad,2,1,2,1,7,male,data\processed\spectrograms\spec_03-01-04-01-02-01-07.pt
data\raw\ravdess\Actor_07\03-01-04-01-02-02-07.wav,03-01-04-01-02-02-07.wav,4,sad,2,1,2,2,7,male,data\processed\spectrograms\spec_03-01-04-01-02-02-07.pt
data\raw\ravdess\Actor_07\03-01-04-02-01-01-07.wav,03-01-04-02-01-01-07.wav,4,sad,2,2,1,1,7,male,data\processed\spectrograms\spec_03-01-04-02-01-01-07.pt
data\raw\ravdess\Actor_07\03-01-04-02-01-02-07.wav,03-01-04-02-01-02-07.wav,4,sad,2,2,1,2,7,male,data\processed\spectrograms\spec_03-01-04-02-01-02-07.pt
data\raw\ravdess\Actor_07\03-01-04-02-02-01-07.wav,03-01-04-02-02-01-07.wav,4,sad,2,2,2,1,7,male,data\processed\spectrograms\spec_03-01-04-02-02-01-07.pt
data\raw\ravdess\Actor_07\03-01-04-02-02-02-07.wav,03-01-04-02-02-02-07.wav,4,sad,2,2,2,2,7,male,data\processed\spectrograms\spec_03-01-04-02-02-02-07.pt
data\raw\ravdess\Actor_07\03-01-05-01-01-01-07.wav,03-01-05-01-01-01-07.wav,5,angry,3,1,1,1,7,male,data\processed\spectrograms\spec_03-01-05-01-01-01-07.pt
data\raw\ravdess\Actor_07\03-01-05-01-01-02-07.wav,03-01-05-01-01-02-07.wav,5,angry,3,1,1,2,7,male,data\processed\spectrograms\spec_03-01-05-01-01-02-07.pt
data\raw\ravdess\Actor_07\03-01-05-01-02-01-07.wav,03-01-05-01-02-01-07.wav,5,angry,3,1,2,1,7,male,data\processed\spectrograms\spec_03-01-05-01-02-01-07.pt
data\raw\ravdess\Actor_07\03-01-05-01-02-02-07.wav,03-01-05-01-02-02-07.wav,5,angry,3,1,2,2,7,male,data\processed\spectrograms\spec_03-01-05-01-02-02-07.pt
data\raw\ravdess\Actor_07\03-01-05-02-01-01-07.wav,03-01-05-02-01-01-07.wav,5,angry,3,2,1,1,7,male,data\processed\spectrograms\spec_03-01-05-02-01-01-07.pt
data\raw\ravdess\Actor_07\03-01-05-02-01-02-07.wav,03-01-05-02-01-02-07.wav,5,angry,3,2,1,2,7,male,data\processed\spectrograms\spec_03-01-05-02-01-02-07.pt
data\raw\ravdess\Actor_07\03-01-05-02-02-01-07.wav,03-01-05-02-02-01-07.wav,5,angry,3,2,2,1,7,male,data\processed\spectrograms\spec_03-01-05-02-02-01-07.pt
data\raw\ravdess\Actor_07\03-01-05-02-02-02-07.wav,03-01-05-02-02-02-07.wav,5,angry,3,2,2,2,7,male,data\processed\spectrograms\spec_03-01-05-02-02-02-07.pt
data\raw\ravdess\Actor_08\03-01-01-01-01-01-08.wav,03-01-01-01-01-01-08.wav,1,neutral,0,1,1,1,8,female,data\processed\spectrograms\spec_03-01-01-01-01-01-08.pt
data\raw\ravdess\Actor_08\03-01-01-01-01-02-08.wav,03-01-01-01-01-02-08.wav,1,neutral,0,1,1,2,8,female,data\processed\spectrograms\spec_03-01-01-01-01-02-08.pt
data\raw\ravdess\Actor_08\03-01-01-01-02-01-08.wav,03-01-01-01-02-01-08.wav,1,neutral,0,1,2,1,8,female,data\processed\spectrograms\spec_03-01-01-01-02-01-08.pt
data\raw\ravdess\Actor_08\03-01-01-01-02-02-08.wav,03-01-01-01-02-02-08.wav,1,neutral,0,1,2,2,8,female,data\processed\spectrograms\spec_03-01-01-01-02-02-08.pt
data\raw\ravdess\Actor_08\03-01-03-01-01-01-08.wav,03-01-03-01-01-01-08.wav,3,happy,1,1,1,1,8,female,data\processed\spectrograms\spec_03-01-03-01-01-01-08.pt
data\raw\ravdess\Actor_08\03-01-03-01-01-02-08.wav,03-01-03-01-01-02-08.wav,3,happy,1,1,1,2,8,female,data\processed\spectrograms\spec_03-01-03-01-01-02-08.pt
data\raw\ravdess\Actor_08\03-01-03-01-02-01-08.wav,03-01-03-01-02-01-08.wav,3,happy,1,1,2,1,8,female,data\processed\spectrograms\spec_03-01-03-01-02-01-08.pt
data\raw\ravdess\Actor_08\03-01-03-01-02-02-08.wav,03-01-03-01-02-02-08.wav,3,happy,1,1,2,2,8,female,data\processed\spectrograms\spec_03-01-03-01-02-02-08.pt
data\raw\ravdess\Actor_08\03-01-03-02-01-01-08.wav,03-01-03-02-01-01-08.wav,3,happy,1,2,1,1,8,female,data\processed\spectrograms\spec_03-01-03-02-01-01-08.pt
data\raw\ravdess\Actor_08\03-01-03-02-01-02-08.wav,03-01-03-02-01-02-08.wav,3,happy,1,2,1,2,8,female,data\processed\spectrograms\spec_03-01-03-02-01-02-08.pt
data\raw\ravdess\Actor_08\03-01-03-02-02-01-08.wav,03-01-03-02-02-01-08.wav,3,happy,1,2,2,1,8,female,data\processed\spectrograms\spec_03-01-03-02-02-01-08.pt
data\raw\ravdess\Actor_08\03-01-03-02-02-02-08.wav,03-01-03-02-02-02-08.wav,3,happy,1,2,2,2,8,female,data\processed\spectrograms\spec_03-01-03-02-02-02-08.pt
data\raw\ravdess\Actor_08\03-01-04-01-01-01-08.wav,03-01-04-01-01-01-08.wav,4,sad,2,1,1,1,8,female,data\processed\spectrograms\spec_03-01-04-01-01-01-08.pt
data\raw\ravdess\Actor_08\03-01-04-01-01-02-08.wav,03-01-04-01-01-02-08.wav,4,sad,2,1,1,2,8,female,data\processed\spectrograms\spec_03-01-04-01-01-02-08.pt
data\raw\ravdess\Actor_08\03-01-04-01-02-01-08.wav,03-01-04-01-02-01-08.wav,4,sad,2,1,2,1,8,female,data\processed\spectrograms\spec_03-01-04-01-02-01-08.pt
data\raw\ravdess\Actor_08\03-01-04-01-02-02-08.wav,03-01-04-01-02-02-08.wav,4,sad,2,1,2,2,8,female,data\processed\spectrograms\spec_03-01-04-01-02-02-08.pt
data\raw\ravdess\Actor_08\03-01-04-02-01-01-08.wav,03-01-04-02-01-01-08.wav,4,sad,2,2,1,1,8,female,data\processed\spectrograms\spec_03-01-04-02-01-01-08.pt
data\raw\ravdess\Actor_08\03-01-04-02-01-02-08.wav,03-01-04-02-01-02-08.wav,4,sad,2,2,1,2,8,female,data\processed\spectrograms\spec_03-01-04-02-01-02-08.pt
data\raw\ravdess\Actor_08\03-01-04-02-02-01-08.wav,03-01-04-02-02-01-08.wav,4,sad,2,2,2,1,8,female,data\processed\spectrograms\spec_03-01-04-02-02-01-08.pt
data\raw\ravdess\Actor_08\03-01-04-02-02-02-08.wav,03-01-04-02-02-02-08.wav,4,sad,2,2,2,2,8,female,data\processed\spectrograms\spec_03-01-04-02-02-02-08.pt
data\raw\ravdess\Actor_08\03-01-05-01-01-01-08.wav,03-01-05-01-01-01-08.wav,5,angry,3,1,1,1,8,female,data\processed\spectrograms\spec_03-01-05-01-01-01-08.pt
data\raw\ravdess\Actor_08\03-01-05-01-01-02-08.wav,03-01-05-01-01-02-08.wav,5,angry,3,1,1,2,8,female,data\processed\spectrograms\spec_03-01-05-01-01-02-08.pt
data\raw\ravdess\Actor_08\03-01-05-01-02-01-08.wav,03-01-05-01-02-01-08.wav,5,angry,3,1,2,1,8,female,data\processed\spectrograms\spec_03-01-05-01-02-01-08.pt
data\raw\ravdess\Actor_08\03-01-05-01-02-02-08.wav,03-01-05-01-02-02-08.wav,5,angry,3,1,2,2,8,female,data\processed\spectrograms\spec_03-01-05-01-02-02-08.pt
data\raw\ravdess\Actor_08\03-01-05-02-01-01-08.wav,03-01-05-02-01-01-08.wav,5,angry,3,2,1,1,8,female,data\processed\spectrograms\spec_03-01-05-02-01-01-08.pt
data\raw\ravdess\Actor_08\03-01-05-02-01-02-08.wav,03-01-05-02-01-02-08.wav,5,angry,3,2,1,2,8,female,data\processed\spectrograms\spec_03-01-05-02-01-02-08.pt
data\raw\ravdess\Actor_08\03-01-05-02-02-01-08.wav,03-01-05-02-02-01-08.wav,5,angry,3,2,2,1,8,female,data\processed\spectrograms\spec_03-01-05-02-02-01-08.pt
data\raw\ravdess\Actor_08\03-01-05-02-02-02-08.wav,03-01-05-02-02-02-08.wav,5,angry,3,2,2,2,8,female,data\processed\spectrograms\spec_03-01-05-02-02-02-08.pt
data\raw\ravdess\Actor_09\03-01-01-01-01-01-09.wav,03-01-01-01-01-01-09.wav,1,neutral,0,1,1,1,9,male,data\processed\spectrograms\spec_03-01-01-01-01-01-09.pt
data\raw\ravdess\Actor_09\03-01-01-01-01-02-09.wav,03-01-01-01-01-02-09.wav,1,neutral,0,1,1,2,9,male,data\processed\spectrograms\spec_03-01-01-01-01-02-09.pt
data\raw\ravdess\Actor_09\03-01-01-01-02-01-09.wav,03-01-01-01-02-01-09.wav,1,neutral,0,1,2,1,9,male,data\processed\spectrograms\spec_03-01-01-01-02-01-09.pt
data\raw\ravdess\Actor_09\03-01-01-01-02-02-09.wav,03-01-01-01-02-02-09.wav,1,neutral,0,1,2,2,9,male,data\processed\spectrograms\spec_03-01-01-01-02-02-09.pt
data\raw\ravdess\Actor_09\03-01-03-01-01-01-09.wav,03-01-03-01-01-01-09.wav,3,happy,1,1,1,1,9,male,data\processed\spectrograms\spec_03-01-03-01-01-01-09.pt
data\raw\ravdess\Actor_09\03-01-03-01-01-02-09.wav,03-01-03-01-01-02-09.wav,3,happy,1,1,1,2,9,male,data\processed\spectrograms\spec_03-01-03-01-01-02-09.pt
data\raw\ravdess\Actor_09\03-01-03-01-02-01-09.wav,03-01-03-01-02-01-09.wav,3,happy,1,1,2,1,9,male,data\processed\spectrograms\spec_03-01-03-01-02-01-09.pt
data\raw\ravdess\Actor_09\03-01-03-01-02-02-09.wav,03-01-03-01-02-02-09.wav,3,happy,1,1,2,2,9,male,data\processed\spectrograms\spec_03-01-03-01-02-02-09.pt
data\raw\ravdess\Actor_09\03-01-03-02-01-01-09.wav,03-01-03-02-01-01-09.wav,3,happy,1,2,1,1,9,male,data\processed\spectrograms\spec_03-01-03-02-01-01-09.pt
data\raw\ravdess\Actor_09\03-01-03-02-01-02-09.wav,03-01-03-02-01-02-09.wav,3,happy,1,2,1,2,9,male,data\processed\spectrograms\spec_03-01-03-02-01-02-09.pt
data\raw\ravdess\Actor_09\03-01-03-02-02-01-09.wav,03-01-03-02-02-01-09.wav,3,happy,1,2,2,1,9,male,data\processed\spectrograms\spec_03-01-03-02-02-01-09.pt
data\raw\ravdess\Actor_09\03-01-03-02-02-02-09.wav,03-01-03-02-02-02-09.wav,3,happy,1,2,2,2,9,male,data\processed\spectrograms\spec_03-01-03-02-02-02-09.pt
data\raw\ravdess\Actor_09\03-01-04-01-01-01-09.wav,03-01-04-01-01-01-09.wav,4,sad,2,1,1,1,9,male,data\processed\spectrograms\spec_03-01-04-01-01-01-09.pt
data\raw\ravdess\Actor_09\03-01-04-01-01-02-09.wav,03-01-04-01-01-02-09.wav,4,sad,2,1,1,2,9,male,data\processed\spectrograms\spec_03-01-04-01-01-02-09.pt
data\raw\ravdess\Actor_09\03-01-04-01-02-01-09.wav,03-01-04-01-02-01-09.wav,4,sad,2,1,2,1,9,male,data\processed\spectrograms\spec_03-01-04-01-02-01-09.pt
data\raw\ravdess\Actor_09\03-01-04-01-02-02-09.wav,03-01-04-01-02-02-09.wav,4,sad,2,1,2,2,9,male,data\processed\spectrograms\spec_03-01-04-01-02-02-09.pt
data\raw\ravdess\Actor_09\03-01-04-02-01-01-09.wav,03-01-04-02-01-01-09.wav,4,sad,2,2,1,1,9,male,data\processed\spectrograms\spec_03-01-04-02-01-01-09.pt
data\raw\ravdess\Actor_09\03-01-04-02-01-02-09.wav,03-01-04-02-01-02-09.wav,4,sad,2,2,1,2,9,male,data\processed\spectrograms\spec_03-01-04-02-01-02-09.pt
data\raw\ravdess\Actor_09\03-01-04-02-02-01-09.wav,03-01-04-02-02-01-09.wav,4,sad,2,2,2,1,9,male,data\processed\spectrograms\spec_03-01-04-02-02-01-09.pt
data\raw\ravdess\Actor_09\03-01-04-02-02-02-09.wav,03-01-04-02-02-02-09.wav,4,sad,2,2,2,2,9,male,data\processed\spectrograms\spec_03-01-04-02-02-02-09.pt
data\raw\ravdess\Actor_09\03-01-05-01-01-01-09.wav,03-01-05-01-01-01-09.wav,5,angry,3,1,1,1,9,male,data\processed\spectrograms\spec_03-01-05-01-01-01-09.pt
data\raw\ravdess\Actor_09\03-01-05-01-01-02-09.wav,03-01-05-01-01-02-09.wav,5,angry,3,1,1,2,9,male,data\processed\spectrograms\spec_03-01-05-01-01-02-09.pt
data\raw\ravdess\Actor_09\03-01-05-01-02-01-09.wav,03-01-05-01-02-01-09.wav,5,angry,3,1,2,1,9,male,data\processed\spectrograms\spec_03-01-05-01-02-01-09.pt
data\raw\ravdess\Actor_09\03-01-05-01-02-02-09.wav,03-01-05-01-02-02-09.wav,5,angry,3,1,2,2,9,male,data\processed\spectrograms\spec_03-01-05-01-02-02-09.pt
data\raw\ravdess\Actor_09\03-01-05-02-01-01-09.wav,03-01-05-02-01-01-09.wav,5,angry,3,2,1,1,9,male,data\processed\spectrograms\spec_03-01-05-02-01-01-09.pt
data\raw\ravdess\Actor_09\03-01-05-02-01-02-09.wav,03-01-05-02-01-02-09.wav,5,angry,3,2,1,2,9,male,data\processed\spectrograms\spec_03-01-05-02-01-02-09.pt
data\raw\ravdess\Actor_09\03-01-05-02-02-01-09.wav,03-01-05-02-02-01-09.wav,5,angry,3,2,2,1,9,male,data\processed\spectrograms\spec_03-01-05-02-02-01-09.pt
data\raw\ravdess\Actor_09\03-01-05-02-02-02-09.wav,03-01-05-02-02-02-09.wav,5,angry,3,2,2,2,9,male,data\processed\spectrograms\spec_03-01-05-02-02-02-09.pt
data\raw\ravdess\Actor_10\03-01-01-01-01-01-10.wav,03-01-01-01-01-01-10.wav,1,neutral,0,1,1,1,10,female,data\processed\spectrograms\spec_03-01-01-01-01-01-10.pt
data\raw\ravdess\Actor_10\03-01-01-01-01-02-10.wav,03-01-01-01-01-02-10.wav,1,neutral,0,1,1,2,10,female,data\processed\spectrograms\spec_03-01-01-01-01-02-10.pt
data\raw\ravdess\Actor_10\03-01-01-01-02-01-10.wav,03-01-01-01-02-01-10.wav,1,neutral,0,1,2,1,10,female,data\processed\spectrograms\spec_03-01-01-01-02-01-10.pt
data\raw\ravdess\Actor_10\03-01-01-01-02-02-10.wav,03-01-01-01-02-02-10.wav,1,neutral,0,1,2,2,10,female,data\processed\spectrograms\spec_03-01-01-01-02-02-10.pt
data\raw\ravdess\Actor_10\03-01-03-01-01-01-10.wav,03-01-03-01-01-01-10.wav,3,happy,1,1,1,1,10,female,data\processed\spectrograms\spec_03-01-03-01-01-01-10.pt
data\raw\ravdess\Actor_10\03-01-03-01-01-02-10.wav,03-01-03-01-01-02-10.wav,3,happy,1,1,1,2,10,female,data\processed\spectrograms\spec_03-01-03-01-01-02-10.pt
data\raw\ravdess\Actor_10\03-01-03-01-02-01-10.wav,03-01-03-01-02-01-10.wav,3,happy,1,1,2,1,10,female,data\processed\spectrograms\spec_03-01-03-01-02-01-10.pt
data\raw\ravdess\Actor_10\03-01-03-01-02-02-10.wav,03-01-03-01-02-02-10.wav,3,happy,1,1,2,2,10,female,data\processed\spectrograms\spec_03-01-03-01-02-02-10.pt
data\raw\ravdess\Actor_10\03-01-03-02-01-01-10.wav,03-01-03-02-01-01-10.wav,3,happy,1,2,1,1,10,female,data\processed\spectrograms\spec_03-01-03-02-01-01-10.pt
data\raw\ravdess\Actor_10\03-01-03-02-01-02-10.wav,03-01-03-02-01-02-10.wav,3,happy,1,2,1,2,10,female,data\processed\spectrograms\spec_03-01-03-02-01-02-10.pt
data\raw\ravdess\Actor_10\03-01-03-02-02-01-10.wav,03-01-03-02-02-01-10.wav,3,happy,1,2,2,1,10,female,data\processed\spectrograms\spec_03-01-03-02-02-01-10.pt
data\raw\ravdess\Actor_10\03-01-03-02-02-02-10.wav,03-01-03-02-02-02-10.wav,3,happy,1,2,2,2,10,female,data\processed\spectrograms\spec_03-01-03-02-02-02-10.pt
data\raw\ravdess\Actor_10\03-01-04-01-01-01-10.wav,03-01-04-01-01-01-10.wav,4,sad,2,1,1,1,10,female,data\processed\spectrograms\spec_03-01-04-01-01-01-10.pt
data\raw\ravdess\Actor_10\03-01-04-01-01-02-10.wav,03-01-04-01-01-02-10.wav,4,sad,2,1,1,2,10,female,data\processed\spectrograms\spec_03-01-04-01-01-02-10.pt
data\raw\ravdess\Actor_10\03-01-04-01-02-01-10.wav,03-01-04-01-02-01-10.wav,4,sad,2,1,2,1,10,female,data\processed\spectrograms\spec_03-01-04-01-02-01-10.pt
data\raw\ravdess\Actor_10\03-01-04-01-02-02-10.wav,03-01-04-01-02-02-10.wav,4,sad,2,1,2,2,10,female,data\processed\spectrograms\spec_03-01-04-01-02-02-10.pt
data\raw\ravdess\Actor_10\03-01-04-02-01-01-10.wav,03-01-04-02-01-01-10.wav,4,sad,2,2,1,1,10,female,data\processed\spectrograms\spec_03-01-04-02-01-01-10.pt
data\raw\ravdess\Actor_10\03-01-04-02-01-02-10.wav,03-01-04-02-01-02-10.wav,4,sad,2,2,1,2,10,female,data\processed\spectrograms\spec_03-01-04-02-01-02-10.pt
data\raw\ravdess\Actor_10\03-01-04-02-02-01-10.wav,03-01-04-02-02-01-10.wav,4,sad,2,2,2,1,10,female,data\processed\spectrograms\spec_03-01-04-02-02-01-10.pt
data\raw\ravdess\Actor_10\03-01-04-02-02-02-10.wav,03-01-04-02-02-02-10.wav,4,sad,2,2,2,2,10,female,data\processed\spectrograms\spec_03-01-04-02-02-02-10.pt
data\raw\ravdess\Actor_10\03-01-05-01-01-01-10.wav,03-01-05-01-01-01-10.wav,5,angry,3,1,1,1,10,female,data\processed\spectrograms\spec_03-01-05-01-01-01-10.pt
data\raw\ravdess\Actor_10\03-01-05-01-01-02-10.wav,03-01-05-01-01-02-10.wav,5,angry,3,1,1,2,10,female,data\processed\spectrograms\spec_03-01-05-01-01-02-10.pt
data\raw\ravdess\Actor_10\03-01-05-01-02-01-10.wav,03-01-05-01-02-01-10.wav,5,angry,3,1,2,1,10,female,data\processed\spectrograms\spec_03-01-05-01-02-01-10.pt
data\raw\ravdess\Actor_10\03-01-05-01-02-02-10.wav,03-01-05-01-02-02-10.wav,5,angry,3,1,2,2,10,female,data\processed\spectrograms\spec_03-01-05-01-02-02-10.pt
data\raw\ravdess\Actor_10\03-01-05-02-01-01-10.wav,03-01-05-02-01-01-10.wav,5,angry,3,2,1,1,10,female,data\processed\spectrograms\spec_03-01-05-02-01-01-10.pt
data\raw\ravdess\Actor_10\03-01-05-02-01-02-10.wav,03-01-05-02-01-02-10.wav,5,angry,3,2,1,2,10,female,data\processed\spectrograms\spec_03-01-05-02-01-02-10.pt
data\raw\ravdess\Actor_10\03-01-05-02-02-01-10.wav,03-01-05-02-02-01-10.wav,5,angry,3,2,2,1,10,female,data\processed\spectrograms\spec_03-01-05-02-02-01-10.pt
data\raw\ravdess\Actor_10\03-01-05-02-02-02-10.wav,03-01-05-02-02-02-10.wav,5,angry,3,2,2,2,10,female,data\processed\spectrograms\spec_03-01-05-02-02-02-10.pt
data\raw\ravdess\Actor_14\03-01-01-01-01-01-14.wav,03-01-01-01-01-01-14.wav,1,neutral,0,1,1,1,14,female,data\processed\spectrograms\spec_03-01-01-01-01-01-14.pt
data\raw\ravdess\Actor_14\03-01-01-01-01-02-14.wav,03-01-01-01-01-02-14.wav,1,neutral,0,1,1,2,14,female,data\processed\spectrograms\spec_03-01-01-01-01-02-14.pt
data\raw\ravdess\Actor_14\03-01-01-01-02-01-14.wav,03-01-01-01-02-01-14.wav,1,neutral,0,1,2,1,14,female,data\processed\spectrograms\spec_03-01-01-01-02-01-14.pt
data\raw\ravdess\Actor_14\03-01-01-01-02-02-14.wav,03-01-01-01-02-02-14.wav,1,neutral,0,1,2,2,14,female,data\processed\spectrograms\spec_03-01-01-01-02-02-14.pt
data\raw\ravdess\Actor_14\03-01-03-01-01-01-14.wav,03-01-03-01-01-01-14.wav,3,happy,1,1,1,1,14,female,data\processed\spectrograms\spec_03-01-03-01-01-01-14.pt
data\raw\ravdess\Actor_14\03-01-03-01-01-02-14.wav,03-01-03-01-01-02-14.wav,3,happy,1,1,1,2,14,female,data\processed\spectrograms\spec_03-01-03-01-01-02-14.pt
data\raw\ravdess\Actor_14\03-01-03-01-02-01-14.wav,03-01-03-01-02-01-14.wav,3,happy,1,1,2,1,14,female,data\processed\spectrograms\spec_03-01-03-01-02-01-14.pt
data\raw\ravdess\Actor_14\03-01-03-01-02-02-14.wav,03-01-03-01-02-02-14.wav,3,happy,1,1,2,2,14,female,data\processed\spectrograms\spec_03-01-03-01-02-02-14.pt
data\raw\ravdess\Actor_14\03-01-03-02-01-01-14.wav,03-01-03-02-01-01-14.wav,3,happy,1,2,1,1,14,female,data\processed\spectrograms\spec_03-01-03-02-01-01-14.pt
data\raw\ravdess\Actor_14\03-01-03-02-01-02-14.wav,03-01-03-02-01-02-14.wav,3,happy,1,2,1,2,14,female,data\processed\spectrograms\spec_03-01-03-02-01-02-14.pt
data\raw\ravdess\Actor_14\03-01-03-02-02-01-14.wav,03-01-03-02-02-01-14.wav,3,happy,1,2,2,1,14,female,data\processed\spectrograms\spec_03-01-03-02-02-01-14.pt
data\raw\ravdess\Actor_14\03-01-03-02-02-02-14.wav,03-01-03-02-02-02-14.wav,3,happy,1,2,2,2,14,female,data\processed\spectrograms\spec_03-01-03-02-02-02-14.pt
data\raw\ravdess\Actor_14\03-01-04-01-01-01-14.wav,03-01-04-01-01-01-14.wav,4,sad,2,1,1,1,14,female,data\processed\spectrograms\spec_03-01-04-01-01-01-14.pt
data\raw\ravdess\Actor_14\03-01-04-01-01-02-14.wav,03-01-04-01-01-02-14.wav,4,sad,2,1,1,2,14,female,data\processed\spectrograms\spec_03-01-04-01-01-02-14.pt
data\raw\ravdess\Actor_14\03-01-04-01-02-01-14.wav,03-01-04-01-02-01-14.wav,4,sad,2,1,2,1,14,female,data\processed\spectrograms\spec_03-01-04-01-02-01-14.pt
data\raw\ravdess\Actor_14\03-01-04-01-02-02-14.wav,03-01-04-01-02-02-14.wav,4,sad,2,1,2,2,14,female,data\processed\spectrograms\spec_03-01-04-01-02-02-14.pt
data\raw\ravdess\Actor_14\03-01-04-02-01-01-14.wav,03-01-04-02-01-01-14.wav,4,sad,2,2,1,1,14,female,data\processed\spectrograms\spec_03-01-04-02-01-01-14.pt
data\raw\ravdess\Actor_14\03-01-04-02-01-02-14.wav,03-01-04-02-01-02-14.wav,4,sad,2,2,1,2,14,female,data\processed\spectrograms\spec_03-01-04-02-01-02-14.pt
data\raw\ravdess\Actor_14\03-01-04-02-02-01-14.wav,03-01-04-02-02-01-14.wav,4,sad,2,2,2,1,14,female,data\processed\spectrograms\spec_03-01-04-02-02-01-14.pt
data\raw\ravdess\Actor_14\03-01-04-02-02-02-14.wav,03-01-04-02-02-02-14.wav,4,sad,2,2,2,2,14,female,data\processed\spectrograms\spec_03-01-04-02-02-02-14.pt
data\raw\ravdess\Actor_14\03-01-05-01-01-01-14.wav,03-01-05-01-01-01-14.wav,5,angry,3,1,1,1,14,female,data\processed\spectrograms\spec_03-01-05-01-01-01-14.pt
data\raw\ravdess\Actor_14\03-01-05-01-01-02-14.wav,03-01-05-01-01-02-14.wav,5,angry,3,1,1,2,14,female,data\processed\spectrograms\spec_03-01-05-01-01-02-14.pt
data\raw\ravdess\Actor_14\03-01-05-01-02-01-14.wav,03-01-05-01-02-01-14.wav,5,angry,3,1,2,1,14,female,data\processed\spectrograms\spec_03-01-05-01-02-01-14.pt
data\raw\ravdess\Actor_14\03-01-05-01-02-02-14.wav,03-01-05-01-02-02-14.wav,5,angry,3,1,2,2,14,female,data\processed\spectrograms\spec_03-01-05-01-02-02-14.pt
data\raw\ravdess\Actor_14\03-01-05-02-01-01-14.wav,03-01-05-02-01-01-14.wav,5,angry,3,2,1,1,14,female,data\processed\spectrograms\spec_03-01-05-02-01-01-14.pt
data\raw\ravdess\Actor_14\03-01-05-02-01-02-14.wav,03-01-05-02-01-02-14.wav,5,angry,3,2,1,2,14,female,data\processed\spectrograms\spec_03-01-05-02-01-02-14.pt
data\raw\ravdess\Actor_14\03-01-05-02-02-01-14.wav,03-01-05-02-02-01-14.wav,5,angry,3,2,2,1,14,female,data\processed\spectrograms\spec_03-01-05-02-02-01-14.pt
data\raw\ravdess\Actor_14\03-01-05-02-02-02-14.wav,03-01-05-02-02-02-14.wav,5,angry,3,2,2,2,14,female,data\processed\spectrograms\spec_03-01-05-02-02-02-14.pt
data\raw\ravdess\Actor_15\03-01-01-01-01-01-15.wav,03-01-01-01-01-01-15.wav,1,neutral,0,1,1,1,15,male,data\processed\spectrograms\spec_03-01-01-01-01-01-15.pt
data\raw\ravdess\Actor_15\03-01-01-01-01-02-15.wav,03-01-01-01-01-02-15.wav,1,neutral,0,1,1,2,15,male,data\processed\spectrograms\spec_03-01-01-01-01-02-15.pt
data\raw\ravdess\Actor_15\03-01-01-01-02-01-15.wav,03-01-01-01-02-01-15.wav,1,neutral,0,1,2,1,15,male,data\processed\spectrograms\spec_03-01-01-01-02-01-15.pt
data\raw\ravdess\Actor_15\03-01-01-01-02-02-15.wav,03-01-01-01-02-02-15.wav,1,neutral,0,1,2,2,15,male,data\processed\spectrograms\spec_03-01-01-01-02-02-15.pt
data\raw\ravdess\Actor_15\03-01-03-01-01-01-15.wav,03-01-03-01-01-01-15.wav,3,happy,1,1,1,1,15,male,data\processed\spectrograms\spec_03-01-03-01-01-01-15.pt
data\raw\ravdess\Actor_15\03-01-03-01-01-02-15.wav,03-01-03-01-01-02-15.wav,3,happy,1,1,1,2,15,male,data\processed\spectrograms\spec_03-01-03-01-01-02-15.pt
data\raw\ravdess\Actor_15\03-01-03-01-02-01-15.wav,03-01-03-01-02-01-15.wav,3,happy,1,1,2,1,15,male,data\processed\spectrograms\spec_03-01-03-01-02-01-15.pt
data\raw\ravdess\Actor_15\03-01-03-01-02-02-15.wav,03-01-03-01-02-02-15.wav,3,happy,1,1,2,2,15,male,data\processed\spectrograms\spec_03-01-03-01-02-02-15.pt
data\raw\ravdess\Actor_15\03-01-03-02-01-01-15.wav,03-01-03-02-01-01-15.wav,3,happy,1,2,1,1,15,male,data\processed\spectrograms\spec_03-01-03-02-01-01-15.pt
data\raw\ravdess\Actor_15\03-01-03-02-01-02-15.wav,03-01-03-02-01-02-15.wav,3,happy,1,2,1,2,15,male,data\processed\spectrograms\spec_03-01-03-02-01-02-15.pt
data\raw\ravdess\Actor_15\03-01-03-02-02-01-15.wav,03-01-03-02-02-01-15.wav,3,happy,1,2,2,1,15,male,data\processed\spectrograms\spec_03-01-03-02-02-01-15.pt
data\raw\ravdess\Actor_15\03-01-03-02-02-02-15.wav,03-01-03-02-02-02-15.wav,3,happy,1,2,2,2,15,male,data\processed\spectrograms\spec_03-01-03-02-02-02-15.pt
data\raw\ravdess\Actor_15\03-01-04-01-01-01-15.wav,03-01-04-01-01-01-15.wav,4,sad,2,1,1,1,15,male,data\processed\spectrograms\spec_03-01-04-01-01-01-15.pt
data\raw\ravdess\Actor_15\03-01-04-01-01-02-15.wav,03-01-04-01-01-02-15.wav,4,sad,2,1,1,2,15,male,data\processed\spectrograms\spec_03-01-04-01-01-02-15.pt
data\raw\ravdess\Actor_15\03-01-04-01-02-01-15.wav,03-01-04-01-02-01-15.wav,4,sad,2,1,2,1,15,male,data\processed\spectrograms\spec_03-01-04-01-02-01-15.pt
data\raw\ravdess\Actor_15\03-01-04-01-02-02-15.wav,03-01-04-01-02-02-15.wav,4,sad,2,1,2,2,15,male,data\processed\spectrograms\spec_03-01-04-01-02-02-15.pt
data\raw\ravdess\Actor_15\03-01-04-02-01-01-15.wav,03-01-04-02-01-01-15.wav,4,sad,2,2,1,1,15,male,data\processed\spectrograms\spec_03-01-04-02-01-01-15.pt
data\raw\ravdess\Actor_15\03-01-04-02-01-02-15.wav,03-01-04-02-01-02-15.wav,4,sad,2,2,1,2,15,male,data\processed\spectrograms\spec_03-01-04-02-01-02-15.pt
data\raw\ravdess\Actor_15\03-01-04-02-02-01-15.wav,03-01-04-02-02-01-15.wav,4,sad,2,2,2,1,15,male,data\processed\spectrograms\spec_03-01-04-02-02-01-15.pt
data\raw\ravdess\Actor_15\03-01-04-02-02-02-15.wav,03-01-04-02-02-02-15.wav,4,sad,2,2,2,2,15,male,data\processed\spectrograms\spec_03-01-04-02-02-02-15.pt
data\raw\ravdess\Actor_15\03-01-05-01-01-01-15.wav,03-01-05-01-01-01-15.wav,5,angry,3,1,1,1,15,male,data\processed\spectrograms\spec_03-01-05-01-01-01-15.pt
data\raw\ravdess\Actor_15\03-01-05-01-01-02-15.wav,03-01-05-01-01-02-15.wav,5,angry,3,1,1,2,15,male,data\processed\spectrograms\spec_03-01-05-01-01-02-15.pt
data\raw\ravdess\Actor_15\03-01-05-01-02-01-15.wav,03-01-05-01-02-01-15.wav,5,angry,3,1,2,1,15,male,data\processed\spectrograms\spec_03-01-05-01-02-01-15.pt
data\raw\ravdess\Actor_15\03-01-05-01-02-02-15.wav,03-01-05-01-02-02-15.wav,5,angry,3,1,2,2,15,male,data\processed\spectrograms\spec_03-01-05-01-02-02-15.pt
data\raw\ravdess\Actor_15\03-01-05-02-01-01-15.wav,03-01-05-02-01-01-15.wav,5,angry,3,2,1,1,15,male,data\processed\spectrograms\spec_03-01-05-02-01-01-15.pt
data\raw\ravdess\Actor_15\03-01-05-02-01-02-15.wav,03-01-05-02-01-02-15.wav,5,angry,3,2,1,2,15,male,data\processed\spectrograms\spec_03-01-05-02-01-02-15.pt
data\raw\ravdess\Actor_15\03-01-05-02-02-01-15.wav,03-01-05-02-02-01-15.wav,5,angry,3,2,2,1,15,male,data\processed\spectrograms\spec_03-01-05-02-02-01-15.pt
data\raw\ravdess\Actor_15\03-01-05-02-02-02-15.wav,03-01-05-02-02-02-15.wav,5,angry,3,2,2,2,15,male,data\processed\spectrograms\spec_03-01-05-02-02-02-15.pt
data\raw\ravdess\Actor_16\03-01-01-01-01-01-16.wav,03-01-01-01-01-01-16.wav,1,neutral,0,1,1,1,16,female,data\processed\spectrograms\spec_03-01-01-01-01-01-16.pt
data\raw\ravdess\Actor_16\03-01-01-01-01-02-16.wav,03-01-01-01-01-02-16.wav,1,neutral,0,1,1,2,16,female,data\processed\spectrograms\spec_03-01-01-01-01-02-16.pt
data\raw\ravdess\Actor_16\03-01-01-01-02-01-16.wav,03-01-01-01-02-01-16.wav,1,neutral,0,1,2,1,16,female,data\processed\spectrograms\spec_03-01-01-01-02-01-16.pt
data\raw\ravdess\Actor_16\03-01-01-01-02-02-16.wav,03-01-01-01-02-02-16.wav,1,neutral,0,1,2,2,16,female,data\processed\spectrograms\spec_03-01-01-01-02-02-16.pt
data\raw\ravdess\Actor_16\03-01-03-01-01-01-16.wav,03-01-03-01-01-01-16.wav,3,happy,1,1,1,1,16,female,data\processed\spectrograms\spec_03-01-03-01-01-01-16.pt
data\raw\ravdess\Actor_16\03-01-03-01-01-02-16.wav,03-01-03-01-01-02-16.wav,3,happy,1,1,1,2,16,female,data\processed\spectrograms\spec_03-01-03-01-01-02-16.pt
data\raw\ravdess\Actor_16\03-01-03-01-02-01-16.wav,03-01-03-01-02-01-16.wav,3,happy,1,1,2,1,16,female,data\processed\spectrograms\spec_03-01-03-01-02-01-16.pt
data\raw\ravdess\Actor_16\03-01-03-01-02-02-16.wav,03-01-03-01-02-02-16.wav,3,happy,1,1,2,2,16,female,data\processed\spectrograms\spec_03-01-03-01-02-02-16.pt
data\raw\ravdess\Actor_16\03-01-03-02-01-01-16.wav,03-01-03-02-01-01-16.wav,3,happy,1,2,1,1,16,female,data\processed\spectrograms\spec_03-01-03-02-01-01-16.pt
data\raw\ravdess\Actor_16\03-01-03-02-01-02-16.wav,03-01-03-02-01-02-16.wav,3,happy,1,2,1,2,16,female,data\processed\spectrograms\spec_03-01-03-02-01-02-16.pt
data\raw\ravdess\Actor_16\03-01-03-02-02-01-16.wav,03-01-03-02-02-01-16.wav,3,happy,1,2,2,1,16,female,data\processed\spectrograms\spec_03-01-03-02-02-01-16.pt
data\raw\ravdess\Actor_16\03-01-03-02-02-02-16.wav,03-01-03-02-02-02-16.wav,3,happy,1,2,2,2,16,female,data\processed\spectrograms\spec_03-01-03-02-02-02-16.pt
data\raw\ravdess\Actor_16\03-01-04-01-01-01-16.wav,03-01-04-01-01-01-16.wav,4,sad,2,1,1,1,16,female,data\processed\spectrograms\spec_03-01-04-01-01-01-16.pt
data\raw\ravdess\Actor_16\03-01-04-01-01-02-16.wav,03-01-04-01-01-02-16.wav,4,sad,2,1,1,2,16,female,data\processed\spectrograms\spec_03-01-04-01-01-02-16.pt
data\raw\ravdess\Actor_16\03-01-04-01-02-01-16.wav,03-01-04-01-02-01-16.wav,4,sad,2,1,2,1,16,female,data\processed\spectrograms\spec_03-01-04-01-02-01-16.pt
data\raw\ravdess\Actor_16\03-01-04-01-02-02-16.wav,03-01-04-01-02-02-16.wav,4,sad,2,1,2,2,16,female,data\processed\spectrograms\spec_03-01-04-01-02-02-16.pt
data\raw\ravdess\Actor_16\03-01-04-02-01-01-16.wav,03-01-04-02-01-01-16.wav,4,sad,2,2,1,1,16,female,data\processed\spectrograms\spec_03-01-04-02-01-01-16.pt
data\raw\ravdess\Actor_16\03-01-04-02-01-02-16.wav,03-01-04-02-01-02-16.wav,4,sad,2,2,1,2,16,female,data\processed\spectrograms\spec_03-01-04-02-01-02-16.pt
data\raw\ravdess\Actor_16\03-01-04-02-02-01-16.wav,03-01-04-02-02-01-16.wav,4,sad,2,2,2,1,16,female,data\processed\spectrograms\spec_03-01-04-02-02-01-16.pt
data\raw\ravdess\Actor_16\03-01-04-02-02-02-16.wav,03-01-04-02-02-02-16.wav,4,sad,2,2,2,2,16,female,data\processed\spectrograms\spec_03-01-04-02-02-02-16.pt
data\raw\ravdess\Actor_16\03-01-05-01-01-01-16.wav,03-01-05-01-01-01-16.wav,5,angry,3,1,1,1,16,female,data\processed\spectrograms\spec_03-01-05-01-01-01-16.pt
data\raw\ravdess\Actor_16\03-01-05-01-01-02-16.wav,03-01-05-01-01-02-16.wav,5,angry,3,1,1,2,16,female,data\processed\spectrograms\spec_03-01-05-01-01-02-16.pt
data\raw\ravdess\Actor_16\03-01-05-01-02-01-16.wav,03-01-05-01-02-01-16.wav,5,angry,3,1,2,1,16,female,data\processed\spectrograms\spec_03-01-05-01-02-01-16.pt
data\raw\ravdess\Actor_16\03-01-05-01-02-02-16.wav,03-01-05-01-02-02-16.wav,5,angry,3,1,2,2,16,female,data\processed\spectrograms\spec_03-01-05-01-02-02-16.pt
data\raw\ravdess\Actor_16\03-01-05-02-01-01-16.wav,03-01-05-02-01-01-16.wav,5,angry,3,2,1,1,16,female,data\processed\spectrograms\spec_03-01-05-02-01-01-16.pt
data\raw\ravdess\Actor_16\03-01-05-02-01-02-16.wav,03-01-05-02-01-02-16.wav,5,angry,3,2,1,2,16,female,data\processed\spectrograms\spec_03-01-05-02-01-02-16.pt
data\raw\ravdess\Actor_16\03-01-05-02-02-01-16.wav,03-01-05-02-02-01-16.wav,5,angry,3,2,2,1,16,female,data\processed\spectrograms\spec_03-01-05-02-02-01-16.pt
data\raw\ravdess\Actor_16\03-01-05-02-02-02-16.wav,03-01-05-02-02-02-16.wav,5,angry,3,2,2,2,16,female,data\processed\spectrograms\spec_03-01-05-02-02-02-16.pt
data\raw\ravdess\Actor_17\03-01-01-01-01-01-17.wav,03-01-01-01-01-01-17.wav,1,neutral,0,1,1,1,17,male,data\processed\spectrograms\spec_03-01-01-01-01-01-17.pt
data\raw\ravdess\Actor_17\03-01-01-01-01-02-17.wav,03-01-01-01-01-02-17.wav,1,neutral,0,1,1,2,17,male,data\processed\spectrograms\spec_03-01-01-01-01-02-17.pt
data\raw\ravdess\Actor_17\03-01-01-01-02-01-17.wav,03-01-01-01-02-01-17.wav,1,neutral,0,1,2,1,17,male,data\processed\spectrograms\spec_03-01-01-01-02-01-17.pt
data\raw\ravdess\Actor_17\03-01-01-01-02-02-17.wav,03-01-01-01-02-02-17.wav,1,neutral,0,1,2,2,17,male,data\processed\spectrograms\spec_03-01-01-01-02-02-17.pt
data\raw\ravdess\Actor_17\03-01-03-01-01-01-17.wav,03-01-03-01-01-01-17.wav,3,happy,1,1,1,1,17,male,data\processed\spectrograms\spec_03-01-03-01-01-01-17.pt
data\raw\ravdess\Actor_17\03-01-03-01-01-02-17.wav,03-01-03-01-01-02-17.wav,3,happy,1,1,1,2,17,male,data\processed\spectrograms\spec_03-01-03-01-01-02-17.pt
data\raw\ravdess\Actor_17\03-01-03-01-02-01-17.wav,03-01-03-01-02-01-17.wav,3,happy,1,1,2,1,17,male,data\processed\spectrograms\spec_03-01-03-01-02-01-17.pt
data\raw\ravdess\Actor_17\03-01-03-01-02-02-17.wav,03-01-03-01-02-02-17.wav,3,happy,1,1,2,2,17,male,data\processed\spectrograms\spec_03-01-03-01-02-02-17.pt
data\raw\ravdess\Actor_17\03-01-03-02-01-01-17.wav,03-01-03-02-01-01-17.wav,3,happy,1,2,1,1,17,male,data\processed\spectrograms\spec_03-01-03-02-01-01-17.pt
data\raw\ravdess\Actor_17\03-01-03-02-01-02-17.wav,03-01-03-02-01-02-17.wav,3,happy,1,2,1,2,17,male,data\processed\spectrograms\spec_03-01-03-02-01-02-17.pt
data\raw\ravdess\Actor_17\03-01-03-02-02-01-17.wav,03-01-03-02-02-01-17.wav,3,happy,1,2,2,1,17,male,data\processed\spectrograms\spec_03-01-03-02-02-01-17.pt
data\raw\ravdess\Actor_17\03-01-03-02-02-02-17.wav,03-01-03-02-02-02-17.wav,3,happy,1,2,2,2,17,male,data\processed\spectrograms\spec_03-01-03-02-02-02-17.pt
data\raw\ravdess\Actor_17\03-01-04-01-01-01-17.wav,03-01-04-01-01-01-17.wav,4,sad,2,1,1,1,17,male,data\processed\spectrograms\spec_03-01-04-01-01-01-17.pt
data\raw\ravdess\Actor_17\03-01-04-01-01-02-17.wav,03-01-04-01-01-02-17.wav,4,sad,2,1,1,2,17,male,data\processed\spectrograms\spec_03-01-04-01-01-02-17.pt
data\raw\ravdess\Actor_17\03-01-04-01-02-01-17.wav,03-01-04-01-02-01-17.wav,4,sad,2,1,2,1,17,male,data\processed\spectrograms\spec_03-01-04-01-02-01-17.pt
data\raw\ravdess\Actor_17\03-01-04-01-02-02-17.wav,03-01-04-01-02-02-17.wav,4,sad,2,1,2,2,17,male,data\processed\spectrograms\spec_03-01-04-01-02-02-17.pt
data\raw\ravdess\Actor_17\03-01-04-02-01-01-17.wav,03-01-04-02-01-01-17.wav,4,sad,2,2,1,1,17,male,data\processed\spectrograms\spec_03-01-04-02-01-01-17.pt
data\raw\ravdess\Actor_17\03-01-04-02-01-02-17.wav,03-01-04-02-01-02-17.wav,4,sad,2,2,1,2,17,male,data\processed\spectrograms\spec_03-01-04-02-01-02-17.pt
data\raw\ravdess\Actor_17\03-01-04-02-02-01-17.wav,03-01-04-02-02-01-17.wav,4,sad,2,2,2,1,17,male,data\processed\spectrograms\spec_03-01-04-02-02-01-17.pt
data\raw\ravdess\Actor_17\03-01-04-02-02-02-17.wav,03-01-04-02-02-02-17.wav,4,sad,2,2,2,2,17,male,data\processed\spectrograms\spec_03-01-04-02-02-02-17.pt
data\raw\ravdess\Actor_17\03-01-05-01-01-01-17.wav,03-01-05-01-01-01-17.wav,5,angry,3,1,1,1,17,male,data\processed\spectrograms\spec_03-01-05-01-01-01-17.pt
data\raw\ravdess\Actor_17\03-01-05-01-01-02-17.wav,03-01-05-01-01-02-17.wav,5,angry,3,1,1,2,17,male,data\processed\spectrograms\spec_03-01-05-01-01-02-17.pt
data\raw\ravdess\Actor_17\03-01-05-01-02-01-17.wav,03-01-05-01-02-01-17.wav,5,angry,3,1,2,1,17,male,data\processed\spectrograms\spec_03-01-05-01-02-01-17.pt
data\raw\ravdess\Actor_17\03-01-05-01-02-02-17.wav,03-01-05-01-02-02-17.wav,5,angry,3,1,2,2,17,male,data\processed\spectrograms\spec_03-01-05-01-02-02-17.pt
data\raw\ravdess\Actor_17\03-01-05-02-01-01-17.wav,03-01-05-02-01-01-17.wav,5,angry,3,2,1,1,17,male,data\processed\spectrograms\spec_03-01-05-02-01-01-17.pt
data\raw\ravdess\Actor_17\03-01-05-02-01-02-17.wav,03-01-05-02-01-02-17.wav,5,angry,3,2,1,2,17,male,data\processed\spectrograms\spec_03-01-05-02-01-02-17.pt
data\raw\ravdess\Actor_17\03-01-05-02-02-01-17.wav,03-01-05-02-02-01-17.wav,5,angry,3,2,2,1,17,male,data\processed\spectrograms\spec_03-01-05-02-02-01-17.pt
data\raw\ravdess\Actor_17\03-01-05-02-02-02-17.wav,03-01-05-02-02-02-17.wav,5,angry,3,2,2,2,17,male,data\processed\spectrograms\spec_03-01-05-02-02-02-17.pt
data\raw\ravdess\Actor_18\03-01-01-01-01-01-18.wav,03-01-01-01-01-01-18.wav,1,neutral,0,1,1,1,18,female,data\processed\spectrograms\spec_03-01-01-01-01-01-18.pt
data\raw\ravdess\Actor_18\03-01-01-01-01-02-18.wav,03-01-01-01-01-02-18.wav,1,neutral,0,1,1,2,18,female,data\processed\spectrograms\spec_03-01-01-01-01-02-18.pt
data\raw\ravdess\Actor_18\03-01-01-01-02-01-18.wav,03-01-01-01-02-01-18.wav,1,neutral,0,1,2,1,18,female,data\processed\spectrograms\spec_03-01-01-01-02-01-18.pt
data\raw\ravdess\Actor_18\03-01-01-01-02-02-18.wav,03-01-01-01-02-02-18.wav,1,neutral,0,1,2,2,18,female,data\processed\spectrograms\spec_03-01-01-01-02-02-18.pt
data\raw\ravdess\Actor_18\03-01-03-01-01-01-18.wav,03-01-03-01-01-01-18.wav,3,happy,1,1,1,1,18,female,data\processed\spectrograms\spec_03-01-03-01-01-01-18.pt
data\raw\ravdess\Actor_18\03-01-03-01-01-02-18.wav,03-01-03-01-01-02-18.wav,3,happy,1,1,1,2,18,female,data\processed\spectrograms\spec_03-01-03-01-01-02-18.pt
data\raw\ravdess\Actor_18\03-01-03-01-02-01-18.wav,03-01-03-01-02-01-18.wav,3,happy,1,1,2,1,18,female,data\processed\spectrograms\spec_03-01-03-01-02-01-18.pt
data\raw\ravdess\Actor_18\03-01-03-01-02-02-18.wav,03-01-03-01-02-02-18.wav,3,happy,1,1,2,2,18,female,data\processed\spectrograms\spec_03-01-03-01-02-02-18.pt
data\raw\ravdess\Actor_18\03-01-03-02-01-01-18.wav,03-01-03-02-01-01-18.wav,3,happy,1,2,1,1,18,female,data\processed\spectrograms\spec_03-01-03-02-01-01-18.pt
data\raw\ravdess\Actor_18\03-01-03-02-01-02-18.wav,03-01-03-02-01-02-18.wav,3,happy,1,2,1,2,18,female,data\processed\spectrograms\spec_03-01-03-02-01-02-18.pt
data\raw\ravdess\Actor_18\03-01-03-02-02-01-18.wav,03-01-03-02-02-01-18.wav,3,happy,1,2,2,1,18,female,data\processed\spectrograms\spec_03-01-03-02-02-01-18.pt
data\raw\ravdess\Actor_18\03-01-03-02-02-02-18.wav,03-01-03-02-02-02-18.wav,3,happy,1,2,2,2,18,female,data\processed\spectrograms\spec_03-01-03-02-02-02-18.pt
data\raw\ravdess\Actor_18\03-01-04-01-01-01-18.wav,03-01-04-01-01-01-18.wav,4,sad,2,1,1,1,18,female,data\processed\spectrograms\spec_03-01-04-01-01-01-18.pt
data\raw\ravdess\Actor_18\03-01-04-01-01-02-18.wav,03-01-04-01-01-02-18.wav,4,sad,2,1,1,2,18,female,data\processed\spectrograms\spec_03-01-04-01-01-02-18.pt
data\raw\ravdess\Actor_18\03-01-04-01-02-01-18.wav,03-01-04-01-02-01-18.wav,4,sad,2,1,2,1,18,female,data\processed\spectrograms\spec_03-01-04-01-02-01-18.pt
data\raw\ravdess\Actor_18\03-01-04-01-02-02-18.wav,03-01-04-01-02-02-18.wav,4,sad,2,1,2,2,18,female,data\processed\spectrograms\spec_03-01-04-01-02-02-18.pt
data\raw\ravdess\Actor_18\03-01-04-02-01-01-18.wav,03-01-04-02-01-01-18.wav,4,sad,2,2,1,1,18,female,data\processed\spectrograms\spec_03-01-04-02-01-01-18.pt
data\raw\ravdess\Actor_18\03-01-04-02-01-02-18.wav,03-01-04-02-01-02-18.wav,4,sad,2,2,1,2,18,female,data\processed\spectrograms\spec_03-01-04-02-01-02-18.pt
data\raw\ravdess\Actor_18\03-01-04-02-02-01-18.wav,03-01-04-02-02-01-18.wav,4,sad,2,2,2,1,18,female,data\processed\spectrograms\spec_03-01-04-02-02-01-18.pt
data\raw\ravdess\Actor_18\03-01-04-02-02-02-18.wav,03-01-04-02-02-02-18.wav,4,sad,2,2,2,2,18,female,data\processed\spectrograms\spec_03-01-04-02-02-02-18.pt
data\raw\ravdess\Actor_18\03-01-05-01-01-01-18.wav,03-01-05-01-01-01-18.wav,5,angry,3,1,1,1,18,female,data\processed\spectrograms\spec_03-01-05-01-01-01-18.pt
data\raw\ravdess\Actor_18\03-01-05-01-01-02-18.wav,03-01-05-01-01-02-18.wav,5,angry,3,1,1,2,18,female,data\processed\spectrograms\spec_03-01-05-01-01-02-18.pt
data\raw\ravdess\Actor_18\03-01-05-01-02-01-18.wav,03-01-05-01-02-01-18.wav,5,angry,3,1,2,1,18,female,data\processed\spectrograms\spec_03-01-05-01-02-01-18.pt
data\raw\ravdess\Actor_18\03-01-05-01-02-02-18.wav,03-01-05-01-02-02-18.wav,5,angry,3,1,2,2,18,female,data\processed\spectrograms\spec_03-01-05-01-02-02-18.pt
data\raw\ravdess\Actor_18\03-01-05-02-01-01-18.wav,03-01-05-02-01-01-18.wav,5,angry,3,2,1,1,18,female,data\processed\spectrograms\spec_03-01-05-02-01-01-18.pt
data\raw\ravdess\Actor_18\03-01-05-02-01-02-18.wav,03-01-05-02-01-02-18.wav,5,angry,3,2,1,2,18,female,data\processed\spectrograms\spec_03-01-05-02-01-02-18.pt
data\raw\ravdess\Actor_18\03-01-05-02-02-01-18.wav,03-01-05-02-02-01-18.wav,5,angry,3,2,2,1,18,female,data\processed\spectrograms\spec_03-01-05-02-02-01-18.pt
data\raw\ravdess\Actor_18\03-01-05-02-02-02-18.wav,03-01-05-02-02-02-18.wav,5,angry,3,2,2,2,18,female,data\processed\spectrograms\spec_03-01-05-02-02-02-18.pt
data\raw\ravdess\Actor_19\03-01-01-01-01-01-19.wav,03-01-01-01-01-01-19.wav,1,neutral,0,1,1,1,19,male,data\processed\spectrograms\spec_03-01-01-01-01-01-19.pt
data\raw\ravdess\Actor_19\03-01-01-01-01-02-19.wav,03-01-01-01-01-02-19.wav,1,neutral,0,1,1,2,19,male,data\processed\spectrograms\spec_03-01-01-01-01-02-19.pt
data\raw\ravdess\Actor_19\03-01-01-01-02-01-19.wav,03-01-01-01-02-01-19.wav,1,neutral,0,1,2,1,19,male,data\processed\spectrograms\spec_03-01-01-01-02-01-19.pt
data\raw\ravdess\Actor_19\03-01-01-01-02-02-19.wav,03-01-01-01-02-02-19.wav,1,neutral,0,1,2,2,19,male,data\processed\spectrograms\spec_03-01-01-01-02-02-19.pt
data\raw\ravdess\Actor_19\03-01-03-01-01-01-19.wav,03-01-03-01-01-01-19.wav,3,happy,1,1,1,1,19,male,data\processed\spectrograms\spec_03-01-03-01-01-01-19.pt
data\raw\ravdess\Actor_19\03-01-03-01-01-02-19.wav,03-01-03-01-01-02-19.wav,3,happy,1,1,1,2,19,male,data\processed\spectrograms\spec_03-01-03-01-01-02-19.pt
data\raw\ravdess\Actor_19\03-01-03-01-02-01-19.wav,03-01-03-01-02-01-19.wav,3,happy,1,1,2,1,19,male,data\processed\spectrograms\spec_03-01-03-01-02-01-19.pt
data\raw\ravdess\Actor_19\03-01-03-01-02-02-19.wav,03-01-03-01-02-02-19.wav,3,happy,1,1,2,2,19,male,data\processed\spectrograms\spec_03-01-03-01-02-02-19.pt
data\raw\ravdess\Actor_19\03-01-03-02-01-01-19.wav,03-01-03-02-01-01-19.wav,3,happy,1,2,1,1,19,male,data\processed\spectrograms\spec_03-01-03-02-01-01-19.pt
data\raw\ravdess\Actor_19\03-01-03-02-01-02-19.wav,03-01-03-02-01-02-19.wav,3,happy,1,2,1,2,19,male,data\processed\spectrograms\spec_03-01-03-02-01-02-19.pt
data\raw\ravdess\Actor_19\03-01-03-02-02-01-19.wav,03-01-03-02-02-01-19.wav,3,happy,1,2,2,1,19,male,data\processed\spectrograms\spec_03-01-03-02-02-01-19.pt
data\raw\ravdess\Actor_19\03-01-03-02-02-02-19.wav,03-01-03-02-02-02-19.wav,3,happy,1,2,2,2,19,male,data\processed\spectrograms\spec_03-01-03-02-02-02-19.pt
data\raw\ravdess\Actor_19\03-01-04-01-01-01-19.wav,03-01-04-01-01-01-19.wav,4,sad,2,1,1,1,19,male,data\processed\spectrograms\spec_03-01-04-01-01-01-19.pt
data\raw\ravdess\Actor_19\03-01-04-01-01-02-19.wav,03-01-04-01-01-02-19.wav,4,sad,2,1,1,2,19,male,data\processed\spectrograms\spec_03-01-04-01-01-02-19.pt
data\raw\ravdess\Actor_19\03-01-04-01-02-01-19.wav,03-01-04-01-02-01-19.wav,4,sad,2,1,2,1,19,male,data\processed\spectrograms\spec_03-01-04-01-02-01-19.pt
data\raw\ravdess\Actor_19\03-01-04-01-02-02-19.wav,03-01-04-01-02-02-19.wav,4,sad,2,1,2,2,19,male,data\processed\spectrograms\spec_03-01-04-01-02-02-19.pt
data\raw\ravdess\Actor_19\03-01-04-02-01-01-19.wav,03-01-04-02-01-01-19.wav,4,sad,2,2,1,1,19,male,data\processed\spectrograms\spec_03-01-04-02-01-01-19.pt
data\raw\ravdess\Actor_19\03-01-04-02-01-02-19.wav,03-01-04-02-01-02-19.wav,4,sad,2,2,1,2,19,male,data\processed\spectrograms\spec_03-01-04-02-01-02-19.pt
data\raw\ravdess\Actor_19\03-01-04-02-02-01-19.wav,03-01-04-02-02-01-19.wav,4,sad,2,2,2,1,19,male,data\processed\spectrograms\spec_03-01-04-02-02-01-19.pt
data\raw\ravdess\Actor_19\03-01-04-02-02-02-19.wav,03-01-04-02-02-02-19.wav,4,sad,2,2,2,2,19,male,data\processed\spectrograms\spec_03-01-04-02-02-02-19.pt
data\raw\ravdess\Actor_19\03-01-05-01-01-01-19.wav,03-01-05-01-01-01-19.wav,5,angry,3,1,1,1,19,male,data\processed\spectrograms\spec_03-01-05-01-01-01-19.pt
data\raw\ravdess\Actor_19\03-01-05-01-01-02-19.wav,03-01-05-01-01-02-19.wav,5,angry,3,1,1,2,19,male,data\processed\spectrograms\spec_03-01-05-01-01-02-19.pt
data\raw\ravdess\Actor_19\03-01-05-01-02-01-19.wav,03-01-05-01-02-01-19.wav,5,angry,3,1,2,1,19,male,data\processed\spectrograms\spec_03-01-05-01-02-01-19.pt
data\raw\ravdess\Actor_19\03-01-05-01-02-02-19.wav,03-01-05-01-02-02-19.wav,5,angry,3,1,2,2,19,male,data\processed\spectrograms\spec_03-01-05-01-02-02-19.pt
data\raw\ravdess\Actor_19\03-01-05-02-01-01-19.wav,03-01-05-02-01-01-19.wav,5,angry,3,2,1,1,19,male,data\processed\spectrograms\spec_03-01-05-02-01-01-19.pt
data\raw\ravdess\Actor_19\03-01-05-02-01-02-19.wav,03-01-05-02-01-02-19.wav,5,angry,3,2,1,2,19,male,data\processed\spectrograms\spec_03-01-05-02-01-02-19.pt
data\raw\ravdess\Actor_19\03-01-05-02-02-01-19.wav,03-01-05-02-02-01-19.wav,5,angry,3,2,2,1,19,male,data\processed\spectrograms\spec_03-01-05-02-02-01-19.pt
data\raw\ravdess\Actor_19\03-01-05-02-02-02-19.wav,03-01-05-02-02-02-19.wav,5,angry,3,2,2,2,19,male,data\processed\spectrograms\spec_03-01-05-02-02-02-19.pt
data\raw\ravdess\Actor_20\03-01-01-01-01-01-20.wav,03-01-01-01-01-01-20.wav,1,neutral,0,1,1,1,20,female,data\processed\spectrograms\spec_03-01-01-01-01-01-20.pt
data\raw\ravdess\Actor_20\03-01-01-01-01-02-20.wav,03-01-01-01-01-02-20.wav,1,neutral,0,1,1,2,20,female,data\processed\spectrograms\spec_03-01-01-01-01-02-20.pt
data\raw\ravdess\Actor_20\03-01-01-01-02-01-20.wav,03-01-01-01-02-01-20.wav,1,neutral,0,1,2,1,20,female,data\processed\spectrograms\spec_03-01-01-01-02-01-20.pt
data\raw\ravdess\Actor_20\03-01-01-01-02-02-20.wav,03-01-01-01-02-02-20.wav,1,neutral,0,1,2,2,20,female,data\processed\spectrograms\spec_03-01-01-01-02-02-20.pt
data\raw\ravdess\Actor_20\03-01-03-01-01-01-20.wav,03-01-03-01-01-01-20.wav,3,happy,1,1,1,1,20,female,data\processed\spectrograms\spec_03-01-03-01-01-01-20.pt
data\raw\ravdess\Actor_20\03-01-03-01-01-02-20.wav,03-01-03-01-01-02-20.wav,3,happy,1,1,1,2,20,female,data\processed\spectrograms\spec_03-01-03-01-01-02-20.pt
data\raw\ravdess\Actor_20\03-01-03-01-02-01-20.wav,03-01-03-01-02-01-20.wav,3,happy,1,1,2,1,20,female,data\processed\spectrograms\spec_03-01-03-01-02-01-20.pt
data\raw\ravdess\Actor_20\03-01-03-01-02-02-20.wav,03-01-03-01-02-02-20.wav,3,happy,1,1,2,2,20,female,data\processed\spectrograms\spec_03-01-03-01-02-02-20.pt
data\raw\ravdess\Actor_20\03-01-03-02-01-01-20.wav,03-01-03-02-01-01-20.wav,3,happy,1,2,1,1,20,female,data\processed\spectrograms\spec_03-01-03-02-01-01-20.pt
data\raw\ravdess\Actor_20\03-01-03-02-01-02-20.wav,03-01-03-02-01-02-20.wav,3,happy,1,2,1,2,20,female,data\processed\spectrograms\spec_03-01-03-02-01-02-20.pt
data\raw\ravdess\Actor_20\03-01-03-02-02-01-20.wav,03-01-03-02-02-01-20.wav,3,happy,1,2,2,1,20,female,data\processed\spectrograms\spec_03-01-03-02-02-01-20.pt
data\raw\ravdess\Actor_20\03-01-03-02-02-02-20.wav,03-01-03-02-02-02-20.wav,3,happy,1,2,2,2,20,female,data\processed\spectrograms\spec_03-01-03-02-02-02-20.pt
data\raw\ravdess\Actor_20\03-01-04-01-01-01-20.wav,03-01-04-01-01-01-20.wav,4,sad,2,1,1,1,20,female,data\processed\spectrograms\spec_03-01-04-01-01-01-20.pt
data\raw\ravdess\Actor_20\03-01-04-01-01-02-20.wav,03-01-04-01-01-02-20.wav,4,sad,2,1,1,2,20,female,data\processed\spectrograms\spec_03-01-04-01-01-02-20.pt
data\raw\ravdess\Actor_20\03-01-04-01-02-01-20.wav,03-01-04-01-02-01-20.wav,4,sad,2,1,2,1,20,female,data\processed\spectrograms\spec_03-01-04-01-02-01-20.pt
data\raw\ravdess\Actor_20\03-01-04-01-02-02-20.wav,03-01-04-01-02-02-20.wav,4,sad,2,1,2,2,20,female,data\processed\spectrograms\spec_03-01-04-01-02-02-20.pt
data\raw\ravdess\Actor_20\03-01-04-02-01-01-20.wav,03-01-04-02-01-01-20.wav,4,sad,2,2,1,1,20,female,data\processed\spectrograms\spec_03-01-04-02-01-01-20.pt
data\raw\ravdess\Actor_20\03-01-04-02-01-02-20.wav,03-01-04-02-01-02-20.wav,4,sad,2,2,1,2,20,female,data\processed\spectrograms\spec_03-01-04-02-01-02-20.pt
data\raw\ravdess\Actor_20\03-01-04-02-02-01-20.wav,03-01-04-02-02-01-20.wav,4,sad,2,2,2,1,20,female,data\processed\spectrograms\spec_03-01-04-02-02-01-20.pt
data\raw\ravdess\Actor_20\03-01-04-02-02-02-20.wav,03-01-04-02-02-02-20.wav,4,sad,2,2,2,2,20,female,data\processed\spectrograms\spec_03-01-04-02-02-02-20.pt
data\raw\ravdess\Actor_20\03-01-05-01-01-01-20.wav,03-01-05-01-01-01-20.wav,5,angry,3,1,1,1,20,female,data\processed\spectrograms\spec_03-01-05-01-01-01-20.pt
data\raw\ravdess\Actor_20\03-01-05-01-01-02-20.wav,03-01-05-01-01-02-20.wav,5,angry,3,1,1,2,20,female,data\processed\spectrograms\spec_03-01-05-01-01-02-20.pt
data\raw\ravdess\Actor_20\03-01-05-01-02-01-20.wav,03-01-05-01-02-01-20.wav,5,angry,3,1,2,1,20,female,data\processed\spectrograms\spec_03-01-05-01-02-01-20.pt
data\raw\ravdess\Actor_20\03-01-05-01-02-02-20.wav,03-01-05-01-02-02-20.wav,5,angry,3,1,2,2,20,female,data\processed\spectrograms\spec_03-01-05-01-02-02-20.pt
data\raw\ravdess\Actor_20\03-01-05-02-01-01-20.wav,03-01-05-02-01-01-20.wav,5,angry,3,2,1,1,20,female,data\processed\spectrograms\spec_03-01-05-02-01-01-20.pt
data\raw\ravdess\Actor_20\03-01-05-02-01-02-20.wav,03-01-05-02-01-02-20.wav,5,angry,3,2,1,2,20,female,data\processed\spectrograms\spec_03-01-05-02-01-02-20.pt
data\raw\ravdess\Actor_20\03-01-05-02-02-01-20.wav,03-01-05-02-02-01-20.wav,5,angry,3,2,2,1,20,female,data\processed\spectrograms\spec_03-01-05-02-02-01-20.pt
data\raw\ravdess\Actor_20\03-01-05-02-02-02-20.wav,03-01-05-02-02-02-20.wav,5,angry,3,2,2,2,20,female,data\processed\spectrograms\spec_03-01-05-02-02-02-20.pt
